-- phpMyAdmin SQL Dump
-- version 4.6.5.2
-- https://www.phpmyadmin.net/
--
-- Хост: localhost
-- Время создания: Дек 02 2018 г., 11:47
-- Версия сервера: 5.7.16
-- Версия PHP: 7.1.19

SET FOREIGN_KEY_CHECKS=0;
SET SQL_MODE = "NO_AUTO_VALUE_ON_ZERO";
SET time_zone = "+00:00";


/*!40101 SET @OLD_CHARACTER_SET_CLIENT=@@CHARACTER_SET_CLIENT */;
/*!40101 SET @OLD_CHARACTER_SET_RESULTS=@@CHARACTER_SET_RESULTS */;
/*!40101 SET @OLD_COLLATION_CONNECTION=@@COLLATION_CONNECTION */;
/*!40101 SET NAMES utf8mb4 */;

--
-- База данных: `scheduleb`
--

-- --------------------------------------------------------

--
-- Структура таблицы `scheduleb_article`
--

CREATE TABLE `scheduleb_article` (
  `id` int(11) NOT NULL,
  `slug` varchar(1024) NOT NULL,
  `title` varchar(512) NOT NULL,
  `body` text NOT NULL,
  `view` varchar(255) DEFAULT NULL,
  `category_id` int(11) DEFAULT NULL,
  `thumbnail_base_url` varchar(1024) DEFAULT NULL,
  `thumbnail_path` varchar(1024) DEFAULT NULL,
  `status` smallint(6) NOT NULL DEFAULT '0',
  `created_by` int(11) DEFAULT NULL,
  `updated_by` int(11) DEFAULT NULL,
  `published_at` int(11) DEFAULT NULL,
  `created_at` int(11) DEFAULT NULL,
  `updated_at` int(11) DEFAULT NULL
) ENGINE=MyISAM DEFAULT CHARSET=utf8;

--
-- СВЯЗИ ТАБЛИЦЫ `scheduleb_article`:
--

-- --------------------------------------------------------

--
-- Структура таблицы `scheduleb_article_attachment`
--

CREATE TABLE `scheduleb_article_attachment` (
  `id` int(11) NOT NULL,
  `article_id` int(11) NOT NULL,
  `path` varchar(255) NOT NULL,
  `base_url` varchar(255) DEFAULT NULL,
  `type` varchar(255) DEFAULT NULL,
  `size` int(11) DEFAULT NULL,
  `name` varchar(255) DEFAULT NULL,
  `created_at` int(11) DEFAULT NULL,
  `order` int(11) DEFAULT NULL
) ENGINE=MyISAM DEFAULT CHARSET=utf8;

--
-- СВЯЗИ ТАБЛИЦЫ `scheduleb_article_attachment`:
--

-- --------------------------------------------------------

--
-- Структура таблицы `scheduleb_article_category`
--

CREATE TABLE `scheduleb_article_category` (
  `id` int(11) NOT NULL,
  `slug` varchar(1024) NOT NULL,
  `title` varchar(512) NOT NULL,
  `body` text,
  `parent_id` int(11) DEFAULT NULL,
  `status` smallint(6) NOT NULL DEFAULT '0',
  `created_at` int(11) DEFAULT NULL,
  `updated_at` int(11) DEFAULT NULL
) ENGINE=MyISAM DEFAULT CHARSET=utf8;

--
-- СВЯЗИ ТАБЛИЦЫ `scheduleb_article_category`:
--

--
-- Дамп данных таблицы `scheduleb_article_category`
--

INSERT INTO `scheduleb_article_category` (`id`, `slug`, `title`, `body`, `parent_id`, `status`, `created_at`, `updated_at`) VALUES
(1, 'news', 'News', NULL, NULL, 1, 1529175937, NULL);

-- --------------------------------------------------------

--
-- Структура таблицы `scheduleb_calendar`
--

CREATE TABLE `scheduleb_calendar` (
  `id` int(11) NOT NULL,
  `event_date` date DEFAULT NULL,
  `type` enum('event','remind') NOT NULL,
  `event_id` int(10) UNSIGNED NOT NULL,
  `user_id` int(10) UNSIGNED DEFAULT NULL COMMENT 'Ссылка на профиль пользователя',
  `org_id` int(10) UNSIGNED DEFAULT NULL,
  `reminder_id` int(10) UNSIGNED DEFAULT NULL,
  `title` varchar(250) DEFAULT NULL,
  `description` varchar(16383) DEFAULT NULL
) ENGINE=InnoDB DEFAULT CHARSET=utf8 ROW_FORMAT=DYNAMIC;

--
-- СВЯЗИ ТАБЛИЦЫ `scheduleb_calendar`:
--   `event_id`
--       `scheduleb_event` -> `id`
--   `user_id`
--       `scheduleb_user` -> `id`
--   `event_id`
--       `scheduleb_event` -> `id`
--   `org_id`
--       `scheduleb_org` -> `id`
--   `reminder_id`
--       `scheduleb_rel_event_org` -> `id`
--   `user_id`
--       `scheduleb_user` -> `id`
--

--
-- Дамп данных таблицы `scheduleb_calendar`
--

INSERT INTO `scheduleb_calendar` (`id`, `event_date`, `type`, `event_id`, `user_id`, `org_id`, `reminder_id`, `title`, `description`) VALUES
(12956, '2018-12-22', 'remind', 14, 2, 7, 23, 'Сведения о среднесписочной численности', ''),
(12957, '2019-12-21', 'remind', 14, 2, 7, 23, 'Сведения о среднесписочной численности', ''),
(12958, '2020-12-21', 'remind', 14, 2, 7, 23, 'Сведения о среднесписочной численности', ''),
(12959, '2021-12-21', 'remind', 14, 2, 7, 23, 'Сведения о среднесписочной численности', ''),
(12960, '2022-12-21', 'remind', 14, 2, 7, 23, 'Сведения о среднесписочной численности', ''),
(12961, '2019-01-25', 'event', 15, 2, 6, 13, 'Форма 4-ФСС (в электронной форме)', 'До 20 числа месяца, след.за отчетным периодом - если отчет в бумажном виде; До 25 числа - в электронном виде'),
(12962, '2018-12-26', 'remind', 15, 2, 6, 13, 'Форма 4-ФСС (в электронной форме)', 'До 20 числа месяца, след.за отчетным периодом - если отчет в бумажном виде; До 25 числа - в электронном виде'),
(12963, '2019-04-25', 'event', 15, 2, 6, 13, 'Форма 4-ФСС (в электронной форме)', 'До 20 числа месяца, след.за отчетным периодом - если отчет в бумажном виде; До 25 числа - в электронном виде'),
(12964, '2019-03-26', 'remind', 15, 2, 6, 13, 'Форма 4-ФСС (в электронной форме)', 'До 20 числа месяца, след.за отчетным периодом - если отчет в бумажном виде; До 25 числа - в электронном виде'),
(12965, '2019-07-25', 'event', 15, 2, 6, 13, 'Форма 4-ФСС (в электронной форме)', 'До 20 числа месяца, след.за отчетным периодом - если отчет в бумажном виде; До 25 числа - в электронном виде'),
(12966, '2019-06-25', 'remind', 15, 2, 6, 13, 'Форма 4-ФСС (в электронной форме)', 'До 20 числа месяца, след.за отчетным периодом - если отчет в бумажном виде; До 25 числа - в электронном виде'),
(12967, '2019-10-25', 'event', 15, 2, 6, 13, 'Форма 4-ФСС (в электронной форме)', 'До 20 числа месяца, след.за отчетным периодом - если отчет в бумажном виде; До 25 числа - в электронном виде'),
(12968, '2019-09-25', 'remind', 15, 2, 6, 13, 'Форма 4-ФСС (в электронной форме)', 'До 20 числа месяца, след.за отчетным периодом - если отчет в бумажном виде; До 25 числа - в электронном виде'),
(12969, '2020-01-27', 'event', 15, 2, 6, 13, 'Форма 4-ФСС (в электронной форме)', 'До 20 числа месяца, след.за отчетным периодом - если отчет в бумажном виде; До 25 числа - в электронном виде'),
(12970, '2019-12-28', 'remind', 15, 2, 6, 13, 'Форма 4-ФСС (в электронной форме)', 'До 20 числа месяца, след.за отчетным периодом - если отчет в бумажном виде; До 25 числа - в электронном виде'),
(12971, '2020-04-27', 'event', 15, 2, 6, 13, 'Форма 4-ФСС (в электронной форме)', 'До 20 числа месяца, след.за отчетным периодом - если отчет в бумажном виде; До 25 числа - в электронном виде'),
(12972, '2020-03-28', 'remind', 15, 2, 6, 13, 'Форма 4-ФСС (в электронной форме)', 'До 20 числа месяца, след.за отчетным периодом - если отчет в бумажном виде; До 25 числа - в электронном виде'),
(12973, '2020-07-27', 'event', 15, 2, 6, 13, 'Форма 4-ФСС (в электронной форме)', 'До 20 числа месяца, след.за отчетным периодом - если отчет в бумажном виде; До 25 числа - в электронном виде'),
(12974, '2020-06-27', 'remind', 15, 2, 6, 13, 'Форма 4-ФСС (в электронной форме)', 'До 20 числа месяца, след.за отчетным периодом - если отчет в бумажном виде; До 25 числа - в электронном виде'),
(12975, '2020-10-26', 'event', 15, 2, 6, 13, 'Форма 4-ФСС (в электронной форме)', 'До 20 числа месяца, след.за отчетным периодом - если отчет в бумажном виде; До 25 числа - в электронном виде'),
(12976, '2020-09-26', 'remind', 15, 2, 6, 13, 'Форма 4-ФСС (в электронной форме)', 'До 20 числа месяца, след.за отчетным периодом - если отчет в бумажном виде; До 25 числа - в электронном виде'),
(12977, '2021-01-25', 'event', 15, 2, 6, 13, 'Форма 4-ФСС (в электронной форме)', 'До 20 числа месяца, след.за отчетным периодом - если отчет в бумажном виде; До 25 числа - в электронном виде'),
(12978, '2020-12-26', 'remind', 15, 2, 6, 13, 'Форма 4-ФСС (в электронной форме)', 'До 20 числа месяца, след.за отчетным периодом - если отчет в бумажном виде; До 25 числа - в электронном виде'),
(12979, '2021-04-26', 'event', 15, 2, 6, 13, 'Форма 4-ФСС (в электронной форме)', 'До 20 числа месяца, след.за отчетным периодом - если отчет в бумажном виде; До 25 числа - в электронном виде'),
(12980, '2021-03-27', 'remind', 15, 2, 6, 13, 'Форма 4-ФСС (в электронной форме)', 'До 20 числа месяца, след.за отчетным периодом - если отчет в бумажном виде; До 25 числа - в электронном виде'),
(12981, '2021-07-26', 'event', 15, 2, 6, 13, 'Форма 4-ФСС (в электронной форме)', 'До 20 числа месяца, след.за отчетным периодом - если отчет в бумажном виде; До 25 числа - в электронном виде'),
(12982, '2021-06-26', 'remind', 15, 2, 6, 13, 'Форма 4-ФСС (в электронной форме)', 'До 20 числа месяца, след.за отчетным периодом - если отчет в бумажном виде; До 25 числа - в электронном виде'),
(12983, '2021-10-25', 'event', 15, 2, 6, 13, 'Форма 4-ФСС (в электронной форме)', 'До 20 числа месяца, след.за отчетным периодом - если отчет в бумажном виде; До 25 числа - в электронном виде'),
(12984, '2021-09-25', 'remind', 15, 2, 6, 13, 'Форма 4-ФСС (в электронной форме)', 'До 20 числа месяца, след.за отчетным периодом - если отчет в бумажном виде; До 25 числа - в электронном виде'),
(12985, '2022-01-25', 'event', 15, 2, 6, 13, 'Форма 4-ФСС (в электронной форме)', 'До 20 числа месяца, след.за отчетным периодом - если отчет в бумажном виде; До 25 числа - в электронном виде'),
(12986, '2021-12-26', 'remind', 15, 2, 6, 13, 'Форма 4-ФСС (в электронной форме)', 'До 20 числа месяца, след.за отчетным периодом - если отчет в бумажном виде; До 25 числа - в электронном виде'),
(12987, '2022-04-25', 'event', 15, 2, 6, 13, 'Форма 4-ФСС (в электронной форме)', 'До 20 числа месяца, след.за отчетным периодом - если отчет в бумажном виде; До 25 числа - в электронном виде'),
(12988, '2022-03-26', 'remind', 15, 2, 6, 13, 'Форма 4-ФСС (в электронной форме)', 'До 20 числа месяца, след.за отчетным периодом - если отчет в бумажном виде; До 25 числа - в электронном виде'),
(12989, '2022-07-25', 'event', 15, 2, 6, 13, 'Форма 4-ФСС (в электронной форме)', 'До 20 числа месяца, след.за отчетным периодом - если отчет в бумажном виде; До 25 числа - в электронном виде'),
(12990, '2022-06-25', 'remind', 15, 2, 6, 13, 'Форма 4-ФСС (в электронной форме)', 'До 20 числа месяца, след.за отчетным периодом - если отчет в бумажном виде; До 25 числа - в электронном виде'),
(12991, '2022-10-25', 'event', 15, 2, 6, 13, 'Форма 4-ФСС (в электронной форме)', 'До 20 числа месяца, след.за отчетным периодом - если отчет в бумажном виде; До 25 числа - в электронном виде'),
(12992, '2022-09-25', 'remind', 15, 2, 6, 13, 'Форма 4-ФСС (в электронной форме)', 'До 20 числа месяца, след.за отчетным периодом - если отчет в бумажном виде; До 25 числа - в электронном виде'),
(12993, '2023-01-25', 'event', 15, 2, 6, 13, 'Форма 4-ФСС (в электронной форме)', 'До 20 числа месяца, след.за отчетным периодом - если отчет в бумажном виде; До 25 числа - в электронном виде'),
(12994, '2022-12-26', 'remind', 15, 2, 6, 13, 'Форма 4-ФСС (в электронной форме)', 'До 20 числа месяца, след.за отчетным периодом - если отчет в бумажном виде; До 25 числа - в электронном виде'),
(12995, '2023-04-25', 'event', 15, 2, 6, 13, 'Форма 4-ФСС (в электронной форме)', 'До 20 числа месяца, след.за отчетным периодом - если отчет в бумажном виде; До 25 числа - в электронном виде'),
(12996, '2023-03-26', 'remind', 15, 2, 6, 13, 'Форма 4-ФСС (в электронной форме)', 'До 20 числа месяца, след.за отчетным периодом - если отчет в бумажном виде; До 25 числа - в электронном виде'),
(12997, '2023-07-25', 'event', 15, 2, 6, 13, 'Форма 4-ФСС (в электронной форме)', 'До 20 числа месяца, след.за отчетным периодом - если отчет в бумажном виде; До 25 числа - в электронном виде'),
(12998, '2023-06-25', 'remind', 15, 2, 6, 13, 'Форма 4-ФСС (в электронной форме)', 'До 20 числа месяца, след.за отчетным периодом - если отчет в бумажном виде; До 25 числа - в электронном виде'),
(12999, '2023-10-25', 'event', 15, 2, 6, 13, 'Форма 4-ФСС (в электронной форме)', 'До 20 числа месяца, след.за отчетным периодом - если отчет в бумажном виде; До 25 числа - в электронном виде'),
(13000, '2023-09-25', 'remind', 15, 2, 6, 13, 'Форма 4-ФСС (в электронной форме)', 'До 20 числа месяца, след.за отчетным периодом - если отчет в бумажном виде; До 25 числа - в электронном виде'),
(13001, '2019-01-21', 'event', 16, 2, 6, 14, 'Форма 4-ФСС (в бумажном виде)', ''),
(13002, '2018-12-22', 'remind', 16, 2, 6, 14, 'Форма 4-ФСС (в бумажном виде)', ''),
(13003, '2019-04-22', 'event', 16, 2, 6, 14, 'Форма 4-ФСС (в бумажном виде)', ''),
(13004, '2019-03-23', 'remind', 16, 2, 6, 14, 'Форма 4-ФСС (в бумажном виде)', ''),
(13005, '2019-07-22', 'event', 16, 2, 6, 14, 'Форма 4-ФСС (в бумажном виде)', ''),
(13006, '2019-06-22', 'remind', 16, 2, 6, 14, 'Форма 4-ФСС (в бумажном виде)', ''),
(13007, '2019-10-21', 'event', 16, 2, 6, 14, 'Форма 4-ФСС (в бумажном виде)', ''),
(13008, '2019-09-21', 'remind', 16, 2, 6, 14, 'Форма 4-ФСС (в бумажном виде)', ''),
(13009, '2020-01-20', 'event', 16, 2, 6, 14, 'Форма 4-ФСС (в бумажном виде)', ''),
(13010, '2019-12-21', 'remind', 16, 2, 6, 14, 'Форма 4-ФСС (в бумажном виде)', ''),
(13011, '2020-04-20', 'event', 16, 2, 6, 14, 'Форма 4-ФСС (в бумажном виде)', ''),
(13012, '2020-03-21', 'remind', 16, 2, 6, 14, 'Форма 4-ФСС (в бумажном виде)', ''),
(13013, '2020-07-20', 'event', 16, 2, 6, 14, 'Форма 4-ФСС (в бумажном виде)', ''),
(13014, '2020-06-20', 'remind', 16, 2, 6, 14, 'Форма 4-ФСС (в бумажном виде)', ''),
(13015, '2020-10-20', 'event', 16, 2, 6, 14, 'Форма 4-ФСС (в бумажном виде)', ''),
(13016, '2020-09-20', 'remind', 16, 2, 6, 14, 'Форма 4-ФСС (в бумажном виде)', ''),
(13017, '2021-01-20', 'event', 16, 2, 6, 14, 'Форма 4-ФСС (в бумажном виде)', ''),
(13018, '2020-12-21', 'remind', 16, 2, 6, 14, 'Форма 4-ФСС (в бумажном виде)', ''),
(13019, '2021-04-20', 'event', 16, 2, 6, 14, 'Форма 4-ФСС (в бумажном виде)', ''),
(13020, '2021-03-21', 'remind', 16, 2, 6, 14, 'Форма 4-ФСС (в бумажном виде)', '');
INSERT INTO `scheduleb_calendar` (`id`, `event_date`, `type`, `event_id`, `user_id`, `org_id`, `reminder_id`, `title`, `description`) VALUES
(13021, '2021-07-20', 'event', 16, 2, 6, 14, 'Форма 4-ФСС (в бумажном виде)', ''),
(13022, '2021-06-20', 'remind', 16, 2, 6, 14, 'Форма 4-ФСС (в бумажном виде)', ''),
(13023, '2021-10-20', 'event', 16, 2, 6, 14, 'Форма 4-ФСС (в бумажном виде)', ''),
(13024, '2021-09-20', 'remind', 16, 2, 6, 14, 'Форма 4-ФСС (в бумажном виде)', ''),
(13025, '2022-01-20', 'event', 16, 2, 6, 14, 'Форма 4-ФСС (в бумажном виде)', ''),
(13026, '2021-12-21', 'remind', 16, 2, 6, 14, 'Форма 4-ФСС (в бумажном виде)', ''),
(13027, '2022-04-20', 'event', 16, 2, 6, 14, 'Форма 4-ФСС (в бумажном виде)', ''),
(13028, '2022-03-21', 'remind', 16, 2, 6, 14, 'Форма 4-ФСС (в бумажном виде)', ''),
(13029, '2022-07-20', 'event', 16, 2, 6, 14, 'Форма 4-ФСС (в бумажном виде)', ''),
(13030, '2022-06-20', 'remind', 16, 2, 6, 14, 'Форма 4-ФСС (в бумажном виде)', ''),
(13031, '2022-10-20', 'event', 16, 2, 6, 14, 'Форма 4-ФСС (в бумажном виде)', ''),
(13032, '2022-09-20', 'remind', 16, 2, 6, 14, 'Форма 4-ФСС (в бумажном виде)', ''),
(13033, '2023-01-20', 'event', 16, 2, 6, 14, 'Форма 4-ФСС (в бумажном виде)', ''),
(13034, '2022-12-21', 'remind', 16, 2, 6, 14, 'Форма 4-ФСС (в бумажном виде)', ''),
(13035, '2023-04-20', 'event', 16, 2, 6, 14, 'Форма 4-ФСС (в бумажном виде)', ''),
(13036, '2023-03-21', 'remind', 16, 2, 6, 14, 'Форма 4-ФСС (в бумажном виде)', ''),
(13037, '2023-07-20', 'event', 16, 2, 6, 14, 'Форма 4-ФСС (в бумажном виде)', ''),
(13038, '2023-06-20', 'remind', 16, 2, 6, 14, 'Форма 4-ФСС (в бумажном виде)', ''),
(13039, '2023-10-20', 'event', 16, 2, 6, 14, 'Форма 4-ФСС (в бумажном виде)', ''),
(13040, '2023-09-20', 'remind', 16, 2, 6, 14, 'Форма 4-ФСС (в бумажном виде)', ''),
(13041, '2019-04-15', 'event', 17, 2, 6, 15, 'Подтверждение основного вида деятельности в ФСС', ''),
(13042, '2019-03-16', 'remind', 17, 2, 6, 15, 'Подтверждение основного вида деятельности в ФСС', ''),
(13043, '2020-04-15', 'event', 17, 2, 6, 15, 'Подтверждение основного вида деятельности в ФСС', ''),
(13044, '2020-03-16', 'remind', 17, 2, 6, 15, 'Подтверждение основного вида деятельности в ФСС', ''),
(13045, '2021-04-15', 'event', 17, 2, 6, 15, 'Подтверждение основного вида деятельности в ФСС', ''),
(13046, '2021-03-16', 'remind', 17, 2, 6, 15, 'Подтверждение основного вида деятельности в ФСС', ''),
(13047, '2022-04-15', 'event', 17, 2, 6, 15, 'Подтверждение основного вида деятельности в ФСС', ''),
(13048, '2022-03-16', 'remind', 17, 2, 6, 15, 'Подтверждение основного вида деятельности в ФСС', ''),
(13049, '2023-04-17', 'event', 17, 2, 6, 15, 'Подтверждение основного вида деятельности в ФСС', ''),
(13050, '2023-03-18', 'remind', 17, 2, 6, 15, 'Подтверждение основного вида деятельности в ФСС', ''),
(13051, '2019-04-30', 'event', 21, 2, 6, 17, 'Авансы по налогу на имущество', 'Квартальная (только за 1, 2 и 3 квартал)'),
(13052, '2019-03-31', 'remind', 21, 2, 6, 17, 'Авансы по налогу на имущество', 'Квартальная (только за 1, 2 и 3 квартал)'),
(13053, '2019-07-30', 'event', 21, 2, 6, 17, 'Авансы по налогу на имущество', 'Квартальная (только за 1, 2 и 3 квартал)'),
(13054, '2019-06-30', 'remind', 21, 2, 6, 17, 'Авансы по налогу на имущество', 'Квартальная (только за 1, 2 и 3 квартал)'),
(13055, '2019-10-30', 'event', 21, 2, 6, 17, 'Авансы по налогу на имущество', 'Квартальная (только за 1, 2 и 3 квартал)'),
(13056, '2019-09-30', 'remind', 21, 2, 6, 17, 'Авансы по налогу на имущество', 'Квартальная (только за 1, 2 и 3 квартал)'),
(13057, '2020-04-30', 'event', 21, 2, 6, 17, 'Авансы по налогу на имущество', 'Квартальная (только за 1, 2 и 3 квартал)'),
(13058, '2020-03-31', 'remind', 21, 2, 6, 17, 'Авансы по налогу на имущество', 'Квартальная (только за 1, 2 и 3 квартал)'),
(13059, '2020-07-30', 'event', 21, 2, 6, 17, 'Авансы по налогу на имущество', 'Квартальная (только за 1, 2 и 3 квартал)'),
(13060, '2020-06-30', 'remind', 21, 2, 6, 17, 'Авансы по налогу на имущество', 'Квартальная (только за 1, 2 и 3 квартал)'),
(13061, '2020-10-30', 'event', 21, 2, 6, 17, 'Авансы по налогу на имущество', 'Квартальная (только за 1, 2 и 3 квартал)'),
(13062, '2020-09-30', 'remind', 21, 2, 6, 17, 'Авансы по налогу на имущество', 'Квартальная (только за 1, 2 и 3 квартал)'),
(13063, '2021-04-30', 'event', 21, 2, 6, 17, 'Авансы по налогу на имущество', 'Квартальная (только за 1, 2 и 3 квартал)'),
(13064, '2021-03-31', 'remind', 21, 2, 6, 17, 'Авансы по налогу на имущество', 'Квартальная (только за 1, 2 и 3 квартал)'),
(13065, '2021-07-30', 'event', 21, 2, 6, 17, 'Авансы по налогу на имущество', 'Квартальная (только за 1, 2 и 3 квартал)'),
(13066, '2021-06-30', 'remind', 21, 2, 6, 17, 'Авансы по налогу на имущество', 'Квартальная (только за 1, 2 и 3 квартал)'),
(13067, '2021-11-01', 'event', 21, 2, 6, 17, 'Авансы по налогу на имущество', 'Квартальная (только за 1, 2 и 3 квартал)'),
(13068, '2021-10-02', 'remind', 21, 2, 6, 17, 'Авансы по налогу на имущество', 'Квартальная (только за 1, 2 и 3 квартал)'),
(13069, '2022-05-02', 'event', 21, 2, 6, 17, 'Авансы по налогу на имущество', 'Квартальная (только за 1, 2 и 3 квартал)'),
(13070, '2022-04-02', 'remind', 21, 2, 6, 17, 'Авансы по налогу на имущество', 'Квартальная (только за 1, 2 и 3 квартал)'),
(13071, '2022-08-01', 'event', 21, 2, 6, 17, 'Авансы по налогу на имущество', 'Квартальная (только за 1, 2 и 3 квартал)'),
(13072, '2022-07-02', 'remind', 21, 2, 6, 17, 'Авансы по налогу на имущество', 'Квартальная (только за 1, 2 и 3 квартал)'),
(13073, '2022-10-31', 'event', 21, 2, 6, 17, 'Авансы по налогу на имущество', 'Квартальная (только за 1, 2 и 3 квартал)'),
(13074, '2022-10-01', 'remind', 21, 2, 6, 17, 'Авансы по налогу на имущество', 'Квартальная (только за 1, 2 и 3 квартал)'),
(13075, '2023-05-01', 'event', 21, 2, 6, 17, 'Авансы по налогу на имущество', 'Квартальная (только за 1, 2 и 3 квартал)'),
(13076, '2023-04-01', 'remind', 21, 2, 6, 17, 'Авансы по налогу на имущество', 'Квартальная (только за 1, 2 и 3 квартал)'),
(13077, '2023-07-31', 'event', 21, 2, 6, 17, 'Авансы по налогу на имущество', 'Квартальная (только за 1, 2 и 3 квартал)'),
(13078, '2023-07-01', 'remind', 21, 2, 6, 17, 'Авансы по налогу на имущество', 'Квартальная (только за 1, 2 и 3 квартал)'),
(13079, '2023-10-30', 'event', 21, 2, 6, 17, 'Авансы по налогу на имущество', 'Квартальная (только за 1, 2 и 3 квартал)'),
(13080, '2023-09-30', 'remind', 21, 2, 6, 17, 'Авансы по налогу на имущество', 'Квартальная (только за 1, 2 и 3 квартал)'),
(13081, '2019-02-01', 'event', 22, 2, 6, 10, 'Декларация по транспортному налогу', ''),
(13082, '2019-01-02', 'remind', 22, 2, 6, 10, 'Декларация по транспортному налогу', ''),
(13083, '2020-02-03', 'event', 22, 2, 6, 10, 'Декларация по транспортному налогу', ''),
(13084, '2020-01-04', 'remind', 22, 2, 6, 10, 'Декларация по транспортному налогу', ''),
(13085, '2021-02-01', 'event', 22, 2, 6, 10, 'Декларация по транспортному налогу', ''),
(13086, '2021-01-02', 'remind', 22, 2, 6, 10, 'Декларация по транспортному налогу', ''),
(13087, '2022-02-01', 'event', 22, 2, 6, 10, 'Декларация по транспортному налогу', ''),
(13088, '2022-01-02', 'remind', 22, 2, 6, 10, 'Декларация по транспортному налогу', ''),
(13089, '2023-02-01', 'event', 22, 2, 6, 10, 'Декларация по транспортному налогу', ''),
(13090, '2023-01-02', 'remind', 22, 2, 6, 10, 'Декларация по транспортному налогу', ''),
(13091, '2019-02-01', 'event', 23, 2, 6, 11, 'Декларация по земельному налогу', ''),
(13092, '2019-01-27', 'remind', 23, 2, 6, 11, 'Декларация по земельному налогу', ''),
(13093, '2020-02-03', 'event', 23, 2, 6, 11, 'Декларация по земельному налогу', ''),
(13094, '2020-01-29', 'remind', 23, 2, 6, 11, 'Декларация по земельному налогу', ''),
(13095, '2021-02-01', 'event', 23, 2, 6, 11, 'Декларация по земельному налогу', ''),
(13096, '2021-01-27', 'remind', 23, 2, 6, 11, 'Декларация по земельному налогу', ''),
(13097, '2022-02-01', 'event', 23, 2, 6, 11, 'Декларация по земельному налогу', ''),
(13098, '2022-01-27', 'remind', 23, 2, 6, 11, 'Декларация по земельному налогу', ''),
(13099, '2023-02-01', 'event', 23, 2, 6, 11, 'Декларация по земельному налогу', ''),
(13100, '2023-01-27', 'remind', 23, 2, 6, 11, 'Декларация по земельному налогу', ''),
(13101, '2018-12-31', 'event', 24, 2, 6, 18, '6-НДФЛ', ''),
(13102, '2018-12-01', 'remind', 24, 2, 6, 18, '6-НДФЛ', ''),
(13103, '2019-04-01', 'event', 24, 2, 6, 18, '6-НДФЛ', ''),
(13104, '2019-03-02', 'remind', 24, 2, 6, 18, '6-НДФЛ', ''),
(13105, '2019-07-01', 'event', 24, 2, 6, 18, '6-НДФЛ', ''),
(13106, '2019-06-01', 'remind', 24, 2, 6, 18, '6-НДФЛ', ''),
(13107, '2019-09-30', 'event', 24, 2, 6, 18, '6-НДФЛ', ''),
(13108, '2019-08-31', 'remind', 24, 2, 6, 18, '6-НДФЛ', ''),
(13109, '2019-12-31', 'event', 24, 2, 6, 18, '6-НДФЛ', ''),
(13110, '2019-12-01', 'remind', 24, 2, 6, 18, '6-НДФЛ', ''),
(13111, '2020-03-31', 'event', 24, 2, 6, 18, '6-НДФЛ', ''),
(13112, '2020-03-01', 'remind', 24, 2, 6, 18, '6-НДФЛ', ''),
(13113, '2020-06-30', 'event', 24, 2, 6, 18, '6-НДФЛ', ''),
(13114, '2020-05-31', 'remind', 24, 2, 6, 18, '6-НДФЛ', ''),
(13115, '2020-09-30', 'event', 24, 2, 6, 18, '6-НДФЛ', ''),
(13116, '2020-08-31', 'remind', 24, 2, 6, 18, '6-НДФЛ', ''),
(13117, '2020-12-31', 'event', 24, 2, 6, 18, '6-НДФЛ', ''),
(13118, '2020-12-01', 'remind', 24, 2, 6, 18, '6-НДФЛ', ''),
(13119, '2021-03-31', 'event', 24, 2, 6, 18, '6-НДФЛ', ''),
(13120, '2021-03-01', 'remind', 24, 2, 6, 18, '6-НДФЛ', ''),
(13121, '2021-06-30', 'event', 24, 2, 6, 18, '6-НДФЛ', ''),
(13122, '2021-05-31', 'remind', 24, 2, 6, 18, '6-НДФЛ', ''),
(13123, '2021-09-30', 'event', 24, 2, 6, 18, '6-НДФЛ', ''),
(13124, '2021-08-31', 'remind', 24, 2, 6, 18, '6-НДФЛ', ''),
(13125, '2021-12-31', 'event', 24, 2, 6, 18, '6-НДФЛ', ''),
(13126, '2021-12-01', 'remind', 24, 2, 6, 18, '6-НДФЛ', ''),
(13127, '2022-03-31', 'event', 24, 2, 6, 18, '6-НДФЛ', ''),
(13128, '2022-03-01', 'remind', 24, 2, 6, 18, '6-НДФЛ', ''),
(13129, '2022-06-30', 'event', 24, 2, 6, 18, '6-НДФЛ', ''),
(13130, '2022-05-31', 'remind', 24, 2, 6, 18, '6-НДФЛ', ''),
(13131, '2022-09-30', 'event', 24, 2, 6, 18, '6-НДФЛ', ''),
(13132, '2022-08-31', 'remind', 24, 2, 6, 18, '6-НДФЛ', '');
INSERT INTO `scheduleb_calendar` (`id`, `event_date`, `type`, `event_id`, `user_id`, `org_id`, `reminder_id`, `title`, `description`) VALUES
(13133, '2023-01-02', 'event', 24, 2, 6, 18, '6-НДФЛ', ''),
(13134, '2022-12-03', 'remind', 24, 2, 6, 18, '6-НДФЛ', ''),
(13135, '2023-03-31', 'event', 24, 2, 6, 18, '6-НДФЛ', ''),
(13136, '2023-03-01', 'remind', 24, 2, 6, 18, '6-НДФЛ', ''),
(13137, '2023-06-30', 'event', 24, 2, 6, 18, '6-НДФЛ', ''),
(13138, '2023-05-31', 'remind', 24, 2, 6, 18, '6-НДФЛ', ''),
(13139, '2023-10-02', 'event', 24, 2, 6, 18, '6-НДФЛ', ''),
(13140, '2023-09-02', 'remind', 24, 2, 6, 18, '6-НДФЛ', ''),
(13141, '2019-04-01', 'event', 25, 2, 6, 19, '2-НДФЛ', ''),
(13142, '2019-03-02', 'remind', 25, 2, 6, 19, '2-НДФЛ', ''),
(13143, '2020-03-31', 'event', 25, 2, 6, 19, '2-НДФЛ', ''),
(13144, '2020-03-01', 'remind', 25, 2, 6, 19, '2-НДФЛ', ''),
(13145, '2021-03-31', 'event', 25, 2, 6, 19, '2-НДФЛ', ''),
(13146, '2021-03-01', 'remind', 25, 2, 6, 19, '2-НДФЛ', ''),
(13147, '2022-03-31', 'event', 25, 2, 6, 19, '2-НДФЛ', ''),
(13148, '2022-03-01', 'remind', 25, 2, 6, 19, '2-НДФЛ', ''),
(13149, '2023-03-31', 'event', 25, 2, 6, 19, '2-НДФЛ', ''),
(13150, '2023-03-01', 'remind', 25, 2, 6, 19, '2-НДФЛ', ''),
(13151, '2018-12-17', 'event', 26, 2, 6, 20, 'СЗВ-М', ''),
(13152, '2018-11-22', 'remind', 26, 2, 6, 20, 'СЗВ-М', ''),
(13153, '2019-01-15', 'event', 26, 2, 6, 20, 'СЗВ-М', ''),
(13154, '2018-12-21', 'remind', 26, 2, 6, 20, 'СЗВ-М', ''),
(13155, '2019-02-15', 'event', 26, 2, 6, 20, 'СЗВ-М', ''),
(13156, '2019-01-21', 'remind', 26, 2, 6, 20, 'СЗВ-М', ''),
(13157, '2019-03-15', 'event', 26, 2, 6, 20, 'СЗВ-М', ''),
(13158, '2019-02-18', 'remind', 26, 2, 6, 20, 'СЗВ-М', ''),
(13159, '2019-04-15', 'event', 26, 2, 6, 20, 'СЗВ-М', ''),
(13160, '2019-03-21', 'remind', 26, 2, 6, 20, 'СЗВ-М', ''),
(13161, '2019-05-15', 'event', 26, 2, 6, 20, 'СЗВ-М', ''),
(13162, '2019-04-20', 'remind', 26, 2, 6, 20, 'СЗВ-М', ''),
(13163, '2019-06-17', 'event', 26, 2, 6, 20, 'СЗВ-М', ''),
(13164, '2019-05-23', 'remind', 26, 2, 6, 20, 'СЗВ-М', ''),
(13165, '2019-07-15', 'event', 26, 2, 6, 20, 'СЗВ-М', ''),
(13166, '2019-06-20', 'remind', 26, 2, 6, 20, 'СЗВ-М', ''),
(13167, '2019-08-15', 'event', 26, 2, 6, 20, 'СЗВ-М', ''),
(13168, '2019-07-21', 'remind', 26, 2, 6, 20, 'СЗВ-М', ''),
(13169, '2019-09-16', 'event', 26, 2, 6, 20, 'СЗВ-М', ''),
(13170, '2019-08-22', 'remind', 26, 2, 6, 20, 'СЗВ-М', ''),
(13171, '2019-10-15', 'event', 26, 2, 6, 20, 'СЗВ-М', ''),
(13172, '2019-09-20', 'remind', 26, 2, 6, 20, 'СЗВ-М', ''),
(13173, '2019-11-15', 'event', 26, 2, 6, 20, 'СЗВ-М', ''),
(13174, '2019-10-21', 'remind', 26, 2, 6, 20, 'СЗВ-М', ''),
(13175, '2019-12-16', 'event', 26, 2, 6, 20, 'СЗВ-М', ''),
(13176, '2019-11-21', 'remind', 26, 2, 6, 20, 'СЗВ-М', ''),
(13177, '2020-01-15', 'event', 26, 2, 6, 20, 'СЗВ-М', ''),
(13178, '2019-12-21', 'remind', 26, 2, 6, 20, 'СЗВ-М', ''),
(13179, '2020-02-17', 'event', 26, 2, 6, 20, 'СЗВ-М', ''),
(13180, '2020-01-23', 'remind', 26, 2, 6, 20, 'СЗВ-М', ''),
(13181, '2020-03-16', 'event', 26, 2, 6, 20, 'СЗВ-М', ''),
(13182, '2020-02-20', 'remind', 26, 2, 6, 20, 'СЗВ-М', ''),
(13183, '2020-04-15', 'event', 26, 2, 6, 20, 'СЗВ-М', ''),
(13184, '2020-03-21', 'remind', 26, 2, 6, 20, 'СЗВ-М', ''),
(13185, '2020-05-15', 'event', 26, 2, 6, 20, 'СЗВ-М', ''),
(13186, '2020-04-20', 'remind', 26, 2, 6, 20, 'СЗВ-М', ''),
(13187, '2020-06-15', 'event', 26, 2, 6, 20, 'СЗВ-М', ''),
(13188, '2020-05-21', 'remind', 26, 2, 6, 20, 'СЗВ-М', ''),
(13189, '2020-07-15', 'event', 26, 2, 6, 20, 'СЗВ-М', ''),
(13190, '2020-06-20', 'remind', 26, 2, 6, 20, 'СЗВ-М', ''),
(13191, '2020-08-17', 'event', 26, 2, 6, 20, 'СЗВ-М', ''),
(13192, '2020-07-23', 'remind', 26, 2, 6, 20, 'СЗВ-М', ''),
(13193, '2020-09-15', 'event', 26, 2, 6, 20, 'СЗВ-М', ''),
(13194, '2020-08-21', 'remind', 26, 2, 6, 20, 'СЗВ-М', ''),
(13195, '2020-10-15', 'event', 26, 2, 6, 20, 'СЗВ-М', ''),
(13196, '2020-09-20', 'remind', 26, 2, 6, 20, 'СЗВ-М', ''),
(13197, '2020-11-16', 'event', 26, 2, 6, 20, 'СЗВ-М', ''),
(13198, '2020-10-22', 'remind', 26, 2, 6, 20, 'СЗВ-М', ''),
(13199, '2020-12-15', 'event', 26, 2, 6, 20, 'СЗВ-М', ''),
(13200, '2020-11-20', 'remind', 26, 2, 6, 20, 'СЗВ-М', ''),
(13201, '2021-01-15', 'event', 26, 2, 6, 20, 'СЗВ-М', ''),
(13202, '2020-12-21', 'remind', 26, 2, 6, 20, 'СЗВ-М', ''),
(13203, '2021-02-15', 'event', 26, 2, 6, 20, 'СЗВ-М', ''),
(13204, '2021-01-21', 'remind', 26, 2, 6, 20, 'СЗВ-М', ''),
(13205, '2021-03-15', 'event', 26, 2, 6, 20, 'СЗВ-М', ''),
(13206, '2021-02-18', 'remind', 26, 2, 6, 20, 'СЗВ-М', ''),
(13207, '2021-04-15', 'event', 26, 2, 6, 20, 'СЗВ-М', ''),
(13208, '2021-03-21', 'remind', 26, 2, 6, 20, 'СЗВ-М', ''),
(13209, '2021-05-17', 'event', 26, 2, 6, 20, 'СЗВ-М', ''),
(13210, '2021-04-22', 'remind', 26, 2, 6, 20, 'СЗВ-М', ''),
(13211, '2021-06-15', 'event', 26, 2, 6, 20, 'СЗВ-М', ''),
(13212, '2021-05-21', 'remind', 26, 2, 6, 20, 'СЗВ-М', ''),
(13213, '2021-07-15', 'event', 26, 2, 6, 20, 'СЗВ-М', ''),
(13214, '2021-06-20', 'remind', 26, 2, 6, 20, 'СЗВ-М', ''),
(13215, '2021-08-16', 'event', 26, 2, 6, 20, 'СЗВ-М', ''),
(13216, '2021-07-22', 'remind', 26, 2, 6, 20, 'СЗВ-М', ''),
(13217, '2021-09-15', 'event', 26, 2, 6, 20, 'СЗВ-М', ''),
(13218, '2021-08-21', 'remind', 26, 2, 6, 20, 'СЗВ-М', ''),
(13219, '2021-10-15', 'event', 26, 2, 6, 20, 'СЗВ-М', ''),
(13220, '2021-09-20', 'remind', 26, 2, 6, 20, 'СЗВ-М', ''),
(13221, '2021-11-15', 'event', 26, 2, 6, 20, 'СЗВ-М', ''),
(13222, '2021-10-21', 'remind', 26, 2, 6, 20, 'СЗВ-М', ''),
(13223, '2021-12-15', 'event', 26, 2, 6, 20, 'СЗВ-М', ''),
(13224, '2021-11-20', 'remind', 26, 2, 6, 20, 'СЗВ-М', ''),
(13225, '2022-01-17', 'event', 26, 2, 6, 20, 'СЗВ-М', ''),
(13226, '2021-12-23', 'remind', 26, 2, 6, 20, 'СЗВ-М', ''),
(13227, '2022-02-15', 'event', 26, 2, 6, 20, 'СЗВ-М', ''),
(13228, '2022-01-21', 'remind', 26, 2, 6, 20, 'СЗВ-М', ''),
(13229, '2022-03-15', 'event', 26, 2, 6, 20, 'СЗВ-М', ''),
(13230, '2022-02-18', 'remind', 26, 2, 6, 20, 'СЗВ-М', ''),
(13231, '2022-04-15', 'event', 26, 2, 6, 20, 'СЗВ-М', ''),
(13232, '2022-03-21', 'remind', 26, 2, 6, 20, 'СЗВ-М', ''),
(13233, '2022-05-16', 'event', 26, 2, 6, 20, 'СЗВ-М', ''),
(13234, '2022-04-21', 'remind', 26, 2, 6, 20, 'СЗВ-М', ''),
(13235, '2022-06-15', 'event', 26, 2, 6, 20, 'СЗВ-М', ''),
(13236, '2022-05-21', 'remind', 26, 2, 6, 20, 'СЗВ-М', ''),
(13237, '2022-07-15', 'event', 26, 2, 6, 20, 'СЗВ-М', ''),
(13238, '2022-06-20', 'remind', 26, 2, 6, 20, 'СЗВ-М', ''),
(13239, '2022-08-15', 'event', 26, 2, 6, 20, 'СЗВ-М', ''),
(13240, '2022-07-21', 'remind', 26, 2, 6, 20, 'СЗВ-М', ''),
(13241, '2022-09-15', 'event', 26, 2, 6, 20, 'СЗВ-М', ''),
(13242, '2022-08-21', 'remind', 26, 2, 6, 20, 'СЗВ-М', ''),
(13243, '2022-10-17', 'event', 26, 2, 6, 20, 'СЗВ-М', ''),
(13244, '2022-09-22', 'remind', 26, 2, 6, 20, 'СЗВ-М', ''),
(13245, '2022-11-15', 'event', 26, 2, 6, 20, 'СЗВ-М', ''),
(13246, '2022-10-21', 'remind', 26, 2, 6, 20, 'СЗВ-М', ''),
(13247, '2022-12-15', 'event', 26, 2, 6, 20, 'СЗВ-М', ''),
(13248, '2022-11-20', 'remind', 26, 2, 6, 20, 'СЗВ-М', ''),
(13249, '2023-01-16', 'event', 26, 2, 6, 20, 'СЗВ-М', ''),
(13250, '2022-12-22', 'remind', 26, 2, 6, 20, 'СЗВ-М', ''),
(13251, '2023-02-15', 'event', 26, 2, 6, 20, 'СЗВ-М', ''),
(13252, '2023-01-21', 'remind', 26, 2, 6, 20, 'СЗВ-М', ''),
(13253, '2023-03-15', 'event', 26, 2, 6, 20, 'СЗВ-М', ''),
(13254, '2023-02-18', 'remind', 26, 2, 6, 20, 'СЗВ-М', ''),
(13255, '2023-04-17', 'event', 26, 2, 6, 20, 'СЗВ-М', ''),
(13256, '2023-03-23', 'remind', 26, 2, 6, 20, 'СЗВ-М', ''),
(13257, '2023-05-15', 'event', 26, 2, 6, 20, 'СЗВ-М', ''),
(13258, '2023-04-20', 'remind', 26, 2, 6, 20, 'СЗВ-М', ''),
(13259, '2023-06-15', 'event', 26, 2, 6, 20, 'СЗВ-М', ''),
(13260, '2023-05-21', 'remind', 26, 2, 6, 20, 'СЗВ-М', ''),
(13261, '2023-07-17', 'event', 26, 2, 6, 20, 'СЗВ-М', ''),
(13262, '2023-06-22', 'remind', 26, 2, 6, 20, 'СЗВ-М', ''),
(13263, '2023-08-15', 'event', 26, 2, 6, 20, 'СЗВ-М', ''),
(13264, '2023-07-21', 'remind', 26, 2, 6, 20, 'СЗВ-М', ''),
(13265, '2023-09-15', 'event', 26, 2, 6, 20, 'СЗВ-М', ''),
(13266, '2023-08-21', 'remind', 26, 2, 6, 20, 'СЗВ-М', ''),
(13267, '2023-10-16', 'event', 26, 2, 6, 20, 'СЗВ-М', ''),
(13268, '2023-09-21', 'remind', 26, 2, 6, 20, 'СЗВ-М', ''),
(13269, '2023-11-15', 'event', 26, 2, 6, 20, 'СЗВ-М', ''),
(13270, '2023-10-21', 'remind', 26, 2, 6, 20, 'СЗВ-М', ''),
(13271, '2023-12-15', 'event', 26, 2, 6, 20, 'СЗВ-М', ''),
(13272, '2023-11-20', 'remind', 26, 2, 6, 20, 'СЗВ-М', ''),
(13273, '2018-11-17', 'remind', 26, 2, 7, 30, 'СЗВ-М', ''),
(13274, '2018-12-16', 'remind', 26, 2, 7, 30, 'СЗВ-М', ''),
(13275, '2019-01-16', 'remind', 26, 2, 7, 30, 'СЗВ-М', ''),
(13276, '2019-02-13', 'remind', 26, 2, 7, 30, 'СЗВ-М', ''),
(13277, '2019-03-16', 'remind', 26, 2, 7, 30, 'СЗВ-М', ''),
(13278, '2019-04-15', 'remind', 26, 2, 7, 30, 'СЗВ-М', ''),
(13279, '2019-05-18', 'remind', 26, 2, 7, 30, 'СЗВ-М', ''),
(13280, '2019-06-15', 'remind', 26, 2, 7, 30, 'СЗВ-М', ''),
(13281, '2019-07-16', 'remind', 26, 2, 7, 30, 'СЗВ-М', ''),
(13282, '2019-08-17', 'remind', 26, 2, 7, 30, 'СЗВ-М', ''),
(13283, '2019-09-15', 'remind', 26, 2, 7, 30, 'СЗВ-М', ''),
(13284, '2019-10-16', 'remind', 26, 2, 7, 30, 'СЗВ-М', ''),
(13285, '2019-11-16', 'remind', 26, 2, 7, 30, 'СЗВ-М', ''),
(13286, '2019-12-16', 'remind', 26, 2, 7, 30, 'СЗВ-М', ''),
(13287, '2020-01-18', 'remind', 26, 2, 7, 30, 'СЗВ-М', ''),
(13288, '2020-02-15', 'remind', 26, 2, 7, 30, 'СЗВ-М', ''),
(13289, '2020-03-16', 'remind', 26, 2, 7, 30, 'СЗВ-М', ''),
(13290, '2020-04-15', 'remind', 26, 2, 7, 30, 'СЗВ-М', ''),
(13291, '2020-05-16', 'remind', 26, 2, 7, 30, 'СЗВ-М', ''),
(13292, '2020-06-15', 'remind', 26, 2, 7, 30, 'СЗВ-М', ''),
(13293, '2020-07-18', 'remind', 26, 2, 7, 30, 'СЗВ-М', ''),
(13294, '2020-08-16', 'remind', 26, 2, 7, 30, 'СЗВ-М', ''),
(13295, '2020-09-15', 'remind', 26, 2, 7, 30, 'СЗВ-М', ''),
(13296, '2020-10-17', 'remind', 26, 2, 7, 30, 'СЗВ-М', ''),
(13297, '2020-11-15', 'remind', 26, 2, 7, 30, 'СЗВ-М', ''),
(13298, '2020-12-16', 'remind', 26, 2, 7, 30, 'СЗВ-М', ''),
(13299, '2021-01-16', 'remind', 26, 2, 7, 30, 'СЗВ-М', ''),
(13300, '2021-02-13', 'remind', 26, 2, 7, 30, 'СЗВ-М', ''),
(13301, '2021-03-16', 'remind', 26, 2, 7, 30, 'СЗВ-М', ''),
(13302, '2021-04-17', 'remind', 26, 2, 7, 30, 'СЗВ-М', '');
INSERT INTO `scheduleb_calendar` (`id`, `event_date`, `type`, `event_id`, `user_id`, `org_id`, `reminder_id`, `title`, `description`) VALUES
(13303, '2021-05-16', 'remind', 26, 2, 7, 30, 'СЗВ-М', ''),
(13304, '2021-06-15', 'remind', 26, 2, 7, 30, 'СЗВ-М', ''),
(13305, '2021-07-17', 'remind', 26, 2, 7, 30, 'СЗВ-М', ''),
(13306, '2021-08-16', 'remind', 26, 2, 7, 30, 'СЗВ-М', ''),
(13307, '2021-09-15', 'remind', 26, 2, 7, 30, 'СЗВ-М', ''),
(13308, '2021-10-16', 'remind', 26, 2, 7, 30, 'СЗВ-М', ''),
(13309, '2021-11-15', 'remind', 26, 2, 7, 30, 'СЗВ-М', ''),
(13310, '2021-12-18', 'remind', 26, 2, 7, 30, 'СЗВ-М', ''),
(13311, '2022-01-16', 'remind', 26, 2, 7, 30, 'СЗВ-М', ''),
(13312, '2022-02-13', 'remind', 26, 2, 7, 30, 'СЗВ-М', ''),
(13313, '2022-03-16', 'remind', 26, 2, 7, 30, 'СЗВ-М', ''),
(13314, '2022-04-16', 'remind', 26, 2, 7, 30, 'СЗВ-М', ''),
(13315, '2022-05-16', 'remind', 26, 2, 7, 30, 'СЗВ-М', ''),
(13316, '2022-06-15', 'remind', 26, 2, 7, 30, 'СЗВ-М', ''),
(13317, '2022-07-16', 'remind', 26, 2, 7, 30, 'СЗВ-М', ''),
(13318, '2022-08-16', 'remind', 26, 2, 7, 30, 'СЗВ-М', ''),
(13319, '2022-09-17', 'remind', 26, 2, 7, 30, 'СЗВ-М', ''),
(13320, '2022-10-16', 'remind', 26, 2, 7, 30, 'СЗВ-М', ''),
(13321, '2022-11-15', 'remind', 26, 2, 7, 30, 'СЗВ-М', ''),
(13322, '2022-12-17', 'remind', 26, 2, 7, 30, 'СЗВ-М', ''),
(13323, '2023-01-16', 'remind', 26, 2, 7, 30, 'СЗВ-М', ''),
(13324, '2023-02-13', 'remind', 26, 2, 7, 30, 'СЗВ-М', ''),
(13325, '2023-03-18', 'remind', 26, 2, 7, 30, 'СЗВ-М', ''),
(13326, '2023-04-15', 'remind', 26, 2, 7, 30, 'СЗВ-М', ''),
(13327, '2023-05-16', 'remind', 26, 2, 7, 30, 'СЗВ-М', ''),
(13328, '2023-06-17', 'remind', 26, 2, 7, 30, 'СЗВ-М', ''),
(13329, '2023-07-16', 'remind', 26, 2, 7, 30, 'СЗВ-М', ''),
(13330, '2023-08-16', 'remind', 26, 2, 7, 30, 'СЗВ-М', ''),
(13331, '2023-09-16', 'remind', 26, 2, 7, 30, 'СЗВ-М', ''),
(13332, '2023-10-16', 'remind', 26, 2, 7, 30, 'СЗВ-М', ''),
(13333, '2023-11-15', 'remind', 26, 2, 7, 30, 'СЗВ-М', ''),
(13334, '2019-04-01', 'event', 27, 2, 6, 12, 'Бухгалтерская отчетность', ''),
(13335, '2019-03-02', 'remind', 27, 2, 6, 12, 'Бухгалтерская отчетность', ''),
(13336, '2020-03-31', 'event', 27, 2, 6, 12, 'Бухгалтерская отчетность', ''),
(13337, '2020-03-01', 'remind', 27, 2, 6, 12, 'Бухгалтерская отчетность', ''),
(13338, '2021-03-31', 'event', 27, 2, 6, 12, 'Бухгалтерская отчетность', ''),
(13339, '2021-03-01', 'remind', 27, 2, 6, 12, 'Бухгалтерская отчетность', ''),
(13340, '2022-03-31', 'event', 27, 2, 6, 12, 'Бухгалтерская отчетность', ''),
(13341, '2022-03-01', 'remind', 27, 2, 6, 12, 'Бухгалтерская отчетность', ''),
(13342, '2023-03-31', 'event', 27, 2, 6, 12, 'Бухгалтерская отчетность', ''),
(13343, '2023-03-01', 'remind', 27, 2, 6, 12, 'Бухгалтерская отчетность', ''),
(13344, '2019-03-01', 'event', 28, 2, 6, 21, 'СЗВ-стаж', ''),
(13345, '2019-01-30', 'remind', 28, 2, 6, 21, 'СЗВ-стаж', ''),
(13346, '2020-03-02', 'event', 28, 2, 6, 21, 'СЗВ-стаж', ''),
(13347, '2020-02-01', 'remind', 28, 2, 6, 21, 'СЗВ-стаж', ''),
(13348, '2021-03-01', 'event', 28, 2, 6, 21, 'СЗВ-стаж', ''),
(13349, '2021-01-30', 'remind', 28, 2, 6, 21, 'СЗВ-стаж', ''),
(13350, '2022-03-01', 'event', 28, 2, 6, 21, 'СЗВ-стаж', ''),
(13351, '2022-01-30', 'remind', 28, 2, 6, 21, 'СЗВ-стаж', ''),
(13352, '2023-03-01', 'event', 28, 2, 6, 21, 'СЗВ-стаж', ''),
(13353, '2023-01-30', 'remind', 28, 2, 6, 21, 'СЗВ-стаж', ''),
(13354, '2019-04-01', 'event', 29, 2, 7, 33, 'Декларация по УСН (юридическое лицо)', ''),
(13355, '2019-03-02', 'remind', 29, 2, 7, 33, 'Декларация по УСН (юридическое лицо)', ''),
(13356, '2020-03-31', 'event', 29, 2, 7, 33, 'Декларация по УСН (юридическое лицо)', ''),
(13357, '2020-03-01', 'remind', 29, 2, 7, 33, 'Декларация по УСН (юридическое лицо)', ''),
(13358, '2021-03-31', 'event', 29, 2, 7, 33, 'Декларация по УСН (юридическое лицо)', ''),
(13359, '2021-03-01', 'remind', 29, 2, 7, 33, 'Декларация по УСН (юридическое лицо)', ''),
(13360, '2022-03-31', 'event', 29, 2, 7, 33, 'Декларация по УСН (юридическое лицо)', ''),
(13361, '2022-03-01', 'remind', 29, 2, 7, 33, 'Декларация по УСН (юридическое лицо)', ''),
(13362, '2023-03-31', 'event', 29, 2, 7, 33, 'Декларация по УСН (юридическое лицо)', ''),
(13363, '2023-03-01', 'remind', 29, 2, 7, 33, 'Декларация по УСН (юридическое лицо)', ''),
(13444, '2019-01-21', 'event', 14, 2, 6, 9, 'Сведения о среднесписочной численности', 'Слоны отчаливают в среду!'),
(13445, '2019-01-06', 'remind', 14, 2, 6, 9, 'Сведения о среднесписочной численности', 'Слоны отчаливают в среду!'),
(13446, '2020-01-20', 'event', 14, 2, 6, 9, 'Сведения о среднесписочной численности', 'Слоны отчаливают в среду!'),
(13447, '2020-01-05', 'remind', 14, 2, 6, 9, 'Сведения о среднесписочной численности', 'Слоны отчаливают в среду!'),
(13448, '2021-01-20', 'event', 14, 2, 6, 9, 'Сведения о среднесписочной численности', 'Слоны отчаливают в среду!'),
(13449, '2021-01-05', 'remind', 14, 2, 6, 9, 'Сведения о среднесписочной численности', 'Слоны отчаливают в среду!'),
(13450, '2022-01-20', 'event', 14, 2, 6, 9, 'Сведения о среднесписочной численности', 'Слоны отчаливают в среду!'),
(13451, '2022-01-05', 'remind', 14, 2, 6, 9, 'Сведения о среднесписочной численности', 'Слоны отчаливают в среду!'),
(13452, '2023-01-20', 'event', 14, 2, 6, 9, 'Сведения о среднесписочной численности', 'Слоны отчаливают в среду!'),
(13453, '2023-01-05', 'remind', 14, 2, 6, 9, 'Сведения о среднесписочной численности', 'Слоны отчаливают в среду!'),
(13454, '2019-01-25', 'event', 11, 2, 8, 34, 'Декларация по НДС', 'До 25 числа месяца, след.за отчетным периодом'),
(13455, '2019-01-13', 'remind', 11, 2, 8, 34, 'Декларация по НДС', 'До 25 числа месяца, след.за отчетным периодом'),
(13456, '2019-04-25', 'event', 11, 2, 8, 34, 'Декларация по НДС', 'До 25 числа месяца, след.за отчетным периодом'),
(13457, '2019-04-13', 'remind', 11, 2, 8, 34, 'Декларация по НДС', 'До 25 числа месяца, след.за отчетным периодом'),
(13458, '2019-07-25', 'event', 11, 2, 8, 34, 'Декларация по НДС', 'До 25 числа месяца, след.за отчетным периодом'),
(13459, '2019-07-13', 'remind', 11, 2, 8, 34, 'Декларация по НДС', 'До 25 числа месяца, след.за отчетным периодом'),
(13460, '2019-10-25', 'event', 11, 2, 8, 34, 'Декларация по НДС', 'До 25 числа месяца, след.за отчетным периодом'),
(13461, '2019-10-13', 'remind', 11, 2, 8, 34, 'Декларация по НДС', 'До 25 числа месяца, след.за отчетным периодом'),
(13462, '2020-01-27', 'event', 11, 2, 8, 34, 'Декларация по НДС', 'До 25 числа месяца, след.за отчетным периодом'),
(13463, '2020-01-15', 'remind', 11, 2, 8, 34, 'Декларация по НДС', 'До 25 числа месяца, след.за отчетным периодом'),
(13464, '2020-04-27', 'event', 11, 2, 8, 34, 'Декларация по НДС', 'До 25 числа месяца, след.за отчетным периодом'),
(13465, '2020-04-15', 'remind', 11, 2, 8, 34, 'Декларация по НДС', 'До 25 числа месяца, след.за отчетным периодом'),
(13466, '2020-07-27', 'event', 11, 2, 8, 34, 'Декларация по НДС', 'До 25 числа месяца, след.за отчетным периодом'),
(13467, '2020-07-15', 'remind', 11, 2, 8, 34, 'Декларация по НДС', 'До 25 числа месяца, след.за отчетным периодом'),
(13468, '2020-10-26', 'event', 11, 2, 8, 34, 'Декларация по НДС', 'До 25 числа месяца, след.за отчетным периодом'),
(13469, '2020-10-14', 'remind', 11, 2, 8, 34, 'Декларация по НДС', 'До 25 числа месяца, след.за отчетным периодом'),
(13470, '2021-01-25', 'event', 11, 2, 8, 34, 'Декларация по НДС', 'До 25 числа месяца, след.за отчетным периодом'),
(13471, '2021-01-13', 'remind', 11, 2, 8, 34, 'Декларация по НДС', 'До 25 числа месяца, след.за отчетным периодом'),
(13472, '2021-04-26', 'event', 11, 2, 8, 34, 'Декларация по НДС', 'До 25 числа месяца, след.за отчетным периодом'),
(13473, '2021-04-14', 'remind', 11, 2, 8, 34, 'Декларация по НДС', 'До 25 числа месяца, след.за отчетным периодом'),
(13474, '2021-07-26', 'event', 11, 2, 8, 34, 'Декларация по НДС', 'До 25 числа месяца, след.за отчетным периодом'),
(13475, '2021-07-14', 'remind', 11, 2, 8, 34, 'Декларация по НДС', 'До 25 числа месяца, след.за отчетным периодом'),
(13476, '2021-10-25', 'event', 11, 2, 8, 34, 'Декларация по НДС', 'До 25 числа месяца, след.за отчетным периодом'),
(13477, '2021-10-13', 'remind', 11, 2, 8, 34, 'Декларация по НДС', 'До 25 числа месяца, след.за отчетным периодом'),
(13478, '2022-01-25', 'event', 11, 2, 8, 34, 'Декларация по НДС', 'До 25 числа месяца, след.за отчетным периодом'),
(13479, '2022-01-13', 'remind', 11, 2, 8, 34, 'Декларация по НДС', 'До 25 числа месяца, след.за отчетным периодом'),
(13480, '2022-04-25', 'event', 11, 2, 8, 34, 'Декларация по НДС', 'До 25 числа месяца, след.за отчетным периодом'),
(13481, '2022-04-13', 'remind', 11, 2, 8, 34, 'Декларация по НДС', 'До 25 числа месяца, след.за отчетным периодом'),
(13482, '2022-07-25', 'event', 11, 2, 8, 34, 'Декларация по НДС', 'До 25 числа месяца, след.за отчетным периодом'),
(13483, '2022-07-13', 'remind', 11, 2, 8, 34, 'Декларация по НДС', 'До 25 числа месяца, след.за отчетным периодом'),
(13484, '2022-10-25', 'event', 11, 2, 8, 34, 'Декларация по НДС', 'До 25 числа месяца, след.за отчетным периодом'),
(13485, '2022-10-13', 'remind', 11, 2, 8, 34, 'Декларация по НДС', 'До 25 числа месяца, след.за отчетным периодом'),
(13486, '2023-01-25', 'event', 11, 2, 8, 34, 'Декларация по НДС', 'До 25 числа месяца, след.за отчетным периодом'),
(13487, '2023-01-13', 'remind', 11, 2, 8, 34, 'Декларация по НДС', 'До 25 числа месяца, след.за отчетным периодом'),
(13488, '2023-04-25', 'event', 11, 2, 8, 34, 'Декларация по НДС', 'До 25 числа месяца, след.за отчетным периодом'),
(13489, '2023-04-13', 'remind', 11, 2, 8, 34, 'Декларация по НДС', 'До 25 числа месяца, след.за отчетным периодом'),
(13490, '2023-07-25', 'event', 11, 2, 8, 34, 'Декларация по НДС', 'До 25 числа месяца, след.за отчетным периодом'),
(13491, '2023-07-13', 'remind', 11, 2, 8, 34, 'Декларация по НДС', 'До 25 числа месяца, след.за отчетным периодом'),
(13492, '2023-10-25', 'event', 11, 2, 8, 34, 'Декларация по НДС', 'До 25 числа месяца, след.за отчетным периодом'),
(13493, '2023-10-13', 'remind', 11, 2, 8, 34, 'Декларация по НДС', 'До 25 числа месяца, след.за отчетным периодом'),
(13494, '2019-04-01', 'event', 32, 2, 6, 22, 'Декларация по ЕСХН', '');
INSERT INTO `scheduleb_calendar` (`id`, `event_date`, `type`, `event_id`, `user_id`, `org_id`, `reminder_id`, `title`, `description`) VALUES
(13495, '2019-03-02', 'remind', 32, 2, 6, 22, 'Декларация по ЕСХН', ''),
(13496, '2020-03-31', 'event', 32, 2, 6, 22, 'Декларация по ЕСХН', ''),
(13497, '2020-03-01', 'remind', 32, 2, 6, 22, 'Декларация по ЕСХН', ''),
(13498, '2021-03-31', 'event', 32, 2, 6, 22, 'Декларация по ЕСХН', ''),
(13499, '2021-03-01', 'remind', 32, 2, 6, 22, 'Декларация по ЕСХН', ''),
(13500, '2022-03-31', 'event', 32, 2, 6, 22, 'Декларация по ЕСХН', ''),
(13501, '2022-03-01', 'remind', 32, 2, 6, 22, 'Декларация по ЕСХН', ''),
(13502, '2023-03-31', 'event', 32, 2, 6, 22, 'Декларация по ЕСХН', ''),
(13503, '2023-03-01', 'remind', 32, 2, 6, 22, 'Декларация по ЕСХН', ''),
(13504, '2019-01-30', 'event', 18, 2, 6, 16, 'Расчет по страховым взносам', ''),
(13505, '2019-03-31', 'remind', 18, 2, 6, 16, 'Расчет по страховым взносам', ''),
(13506, '2019-04-30', 'event', 18, 2, 6, 16, 'Расчет по страховым взносам', ''),
(13507, '2019-07-30', 'event', 18, 2, 6, 16, 'Расчет по страховым взносам', ''),
(13508, '2019-06-30', 'remind', 18, 2, 6, 16, 'Расчет по страховым взносам', ''),
(13509, '2019-10-30', 'event', 18, 2, 6, 16, 'Расчет по страховым взносам', ''),
(13510, '2019-09-30', 'remind', 18, 2, 6, 16, 'Расчет по страховым взносам', ''),
(13511, '2020-01-30', 'event', 18, 2, 6, 16, 'Расчет по страховым взносам', ''),
(13512, '2019-12-31', 'remind', 18, 2, 6, 16, 'Расчет по страховым взносам', ''),
(13513, '2020-04-30', 'event', 18, 2, 6, 16, 'Расчет по страховым взносам', ''),
(13514, '2020-03-31', 'remind', 18, 2, 6, 16, 'Расчет по страховым взносам', ''),
(13515, '2020-07-30', 'event', 18, 2, 6, 16, 'Расчет по страховым взносам', ''),
(13516, '2020-06-30', 'remind', 18, 2, 6, 16, 'Расчет по страховым взносам', ''),
(13517, '2020-10-30', 'event', 18, 2, 6, 16, 'Расчет по страховым взносам', ''),
(13518, '2020-09-30', 'remind', 18, 2, 6, 16, 'Расчет по страховым взносам', ''),
(13519, '2021-02-01', 'event', 18, 2, 6, 16, 'Расчет по страховым взносам', ''),
(13520, '2021-01-02', 'remind', 18, 2, 6, 16, 'Расчет по страховым взносам', ''),
(13521, '2021-04-30', 'event', 18, 2, 6, 16, 'Расчет по страховым взносам', ''),
(13522, '2021-03-31', 'remind', 18, 2, 6, 16, 'Расчет по страховым взносам', ''),
(13523, '2021-07-30', 'event', 18, 2, 6, 16, 'Расчет по страховым взносам', ''),
(13524, '2021-06-30', 'remind', 18, 2, 6, 16, 'Расчет по страховым взносам', ''),
(13525, '2021-11-01', 'event', 18, 2, 6, 16, 'Расчет по страховым взносам', ''),
(13526, '2021-10-02', 'remind', 18, 2, 6, 16, 'Расчет по страховым взносам', ''),
(13527, '2022-01-31', 'event', 18, 2, 6, 16, 'Расчет по страховым взносам', ''),
(13528, '2022-01-01', 'remind', 18, 2, 6, 16, 'Расчет по страховым взносам', ''),
(13529, '2022-05-02', 'event', 18, 2, 6, 16, 'Расчет по страховым взносам', ''),
(13530, '2022-04-02', 'remind', 18, 2, 6, 16, 'Расчет по страховым взносам', ''),
(13531, '2022-08-01', 'event', 18, 2, 6, 16, 'Расчет по страховым взносам', ''),
(13532, '2022-07-02', 'remind', 18, 2, 6, 16, 'Расчет по страховым взносам', ''),
(13533, '2022-10-31', 'event', 18, 2, 6, 16, 'Расчет по страховым взносам', ''),
(13534, '2022-10-01', 'remind', 18, 2, 6, 16, 'Расчет по страховым взносам', ''),
(13535, '2023-01-30', 'event', 18, 2, 6, 16, 'Расчет по страховым взносам', ''),
(13536, '2022-12-31', 'remind', 18, 2, 6, 16, 'Расчет по страховым взносам', ''),
(13537, '2023-05-01', 'event', 18, 2, 6, 16, 'Расчет по страховым взносам', ''),
(13538, '2023-04-01', 'remind', 18, 2, 6, 16, 'Расчет по страховым взносам', ''),
(13539, '2023-07-31', 'event', 18, 2, 6, 16, 'Расчет по страховым взносам', ''),
(13540, '2023-07-01', 'remind', 18, 2, 6, 16, 'Расчет по страховым взносам', ''),
(13541, '2023-10-30', 'event', 18, 2, 6, 16, 'Расчет по страховым взносам', ''),
(13542, '2023-09-30', 'remind', 18, 2, 6, 16, 'Расчет по страховым взносам', ''),
(13543, '2018-12-31', 'remind', 18, 2, 7, 27, 'Расчет по страховым взносам', '');

-- --------------------------------------------------------

--
-- Структура таблицы `scheduleb_event`
--

CREATE TABLE `scheduleb_event` (
  `id` int(11) UNSIGNED NOT NULL,
  `title` varchar(250) DEFAULT NULL COMMENT 'Название события/платежа',
  `type` enum('default','custom') NOT NULL DEFAULT 'default' COMMENT 'Событие стандартное или  создано пользователем',
  `action` set('report','payment','custom') NOT NULL DEFAULT 'report',
  `handler` varchar(128) DEFAULT NULL COMMENT 'ссылка на функцию вычисляющую даты события',
  `tags` varchar(1024) DEFAULT NULL,
  `gov_org` varchar(1024) DEFAULT NULL COMMENT 'Государственная контролирующая организация',
  `is_default` tinyint(1) NOT NULL DEFAULT '0' COMMENT 'Показывать отчет/платеж при создании организации',
  `start_date` date DEFAULT NULL,
  `previous_date` date DEFAULT NULL COMMENT 'Ближайшая прошедшая дата',
  `curr_date` date DEFAULT NULL COMMENT 'Ближайшая дата события',
  `end_date` date DEFAULT NULL,
  `frequency` enum('none','month','quarter','year') NOT NULL DEFAULT 'year' COMMENT 'Период повторения',
  `description` text,
  `status` enum('active','trashed','archived','deleted') NOT NULL DEFAULT 'active' COMMENT 'Состояние события',
  `org_type` set('Юридическое лицо','Индивидуальный предприниматель') DEFAULT NULL COMMENT 'Организационно-правовая форма',
  `tax_type` set('Общая система налогообложения','Упрощенная система налогообложения','Единый налог на вмененный доход','Патентная система налогообложения','Единый сельскохозяйственный налог') DEFAULT NULL COMMENT 'Система налогообложения',
  `hired_labour` set('Есть','Нет') DEFAULT NULL COMMENT 'Использование наемного труда',
  `is_vehicles_tax` tinyint(1) DEFAULT NULL COMMENT 'Для плательщика транспортного налога',
  `is_property_tax` tinyint(1) DEFAULT NULL COMMENT 'Для плательщика налога на имущество',
  `strict_condition` tinyint(1) DEFAULT '0' COMMENT 'строгое соответствие параметрам (тип организации, наемный труд, ...)',
  `notified_at` date DEFAULT NULL COMMENT 'Дата последнего напоминания',
  `created_at` int(11) UNSIGNED DEFAULT NULL,
  `updated_at` int(11) UNSIGNED DEFAULT NULL,
  `created_by` int(11) UNSIGNED DEFAULT NULL,
  `updated_by` int(11) UNSIGNED DEFAULT NULL
) ENGINE=InnoDB DEFAULT CHARSET=utf8 COMMENT='Список доступных в системе событий и платежей' ROW_FORMAT=DYNAMIC;

--
-- СВЯЗИ ТАБЛИЦЫ `scheduleb_event`:
--   `created_by`
--       `scheduleb_user` -> `id`
--   `updated_by`
--       `scheduleb_user` -> `id`
--

--
-- Дамп данных таблицы `scheduleb_event`
--

INSERT INTO `scheduleb_event` (`id`, `title`, `type`, `action`, `handler`, `tags`, `gov_org`, `is_default`, `start_date`, `previous_date`, `curr_date`, `end_date`, `frequency`, `description`, `status`, `org_type`, `tax_type`, `hired_labour`, `is_vehicles_tax`, `is_property_tax`, `strict_condition`, `notified_at`, `created_at`, `updated_at`, `created_by`, `updated_by`) VALUES
(11, 'Декларация по НДС', 'default', 'report', NULL, '', '', 0, '2019-01-25', NULL, '2019-01-25', '2040-12-31', 'quarter', 'До 25 числа месяца, след.за отчетным периодом', 'active', NULL, 'Общая система налогообложения', NULL, 0, 0, 0, NULL, 1541869498, 1542446175, 2, 2),
(12, 'Декларация по налогу на прибыль (годовая)', 'default', 'report', NULL, '', '', 0, '2019-03-28', NULL, '2019-03-28', '2030-12-31', 'year', 'Годовая - до 28 марта.', 'active', 'Юридическое лицо', 'Общая система налогообложения', '', 0, 0, 1, NULL, 1541870787, 1541922397, 2, 2),
(13, 'Декларация по налогу на прибыль (ежемесячная)', 'default', 'report', NULL, '', '', 0, '2018-01-28', NULL, '2018-11-28', '2030-12-31', 'month', 'До 28 числа месяца, след.за отчетным периодом; годовая до 28 марта', 'active', 'Юридическое лицо', 'Общая система налогообложения', '', 0, 0, 1, NULL, 1541870856, 1542446178, 2, 2),
(14, 'Сведения о среднесписочной численности', 'default', 'report', NULL, '', '', 0, '2019-01-20', NULL, '2019-01-21', '2030-12-31', 'year', '', 'active', '', '', 'Есть', 0, 0, 0, NULL, 1541870919, 1541922492, 2, 2),
(15, 'Форма 4-ФСС (в электронной форме)', 'default', 'report', NULL, '', '', 0, '2018-01-25', NULL, '2019-01-25', '2030-12-31', 'quarter', 'До 20 числа месяца, след.за отчетным периодом - если отчет в бумажном виде; До 25 числа - в электронном виде', 'active', '', '', 'Есть', 0, 0, 0, NULL, 1541871046, 1541922622, 2, 2),
(16, 'Форма 4-ФСС (в бумажном виде)', 'default', 'report', NULL, '', '', 0, '2018-01-20', NULL, '2019-01-21', '2030-12-31', 'quarter', '', 'active', '', '', 'Есть', 0, 0, 0, NULL, 1541871113, 1541922642, 2, 2),
(17, 'Подтверждение основного вида деятельности в ФСС', 'default', 'report', NULL, '', '', 0, '2018-04-15', NULL, '2019-04-15', '2030-12-31', 'year', '', 'active', 'Юридическое лицо', '', '', 0, 0, 0, NULL, 1541871179, 1541922672, 2, 2),
(18, 'Расчет по страховым взносам', 'default', 'report', NULL, '', '', 0, '2018-01-30', NULL, '2019-01-30', '2030-12-31', 'quarter', '', 'active', '', '', 'Есть', 0, 0, 0, NULL, 1541871252, 1543259896, 2, 2),
(19, 'Декларация по налогу на имущество', 'default', 'report', NULL, '', '', 0, '2018-03-30', NULL, '2019-04-01', '2030-12-31', 'year', '', 'active', 'Юридическое лицо', 'Общая система налогообложения', '', 0, 1, 1, NULL, 1541871337, 1541922793, 2, 2),
(20, 'Декларация по налогу на прибыль (ежеквартальная)', 'default', 'report', NULL, '', '', 0, '2018-01-28', NULL, '2019-04-29', '2030-12-31', 'quarter', 'За предыдущий месяц.\r\nДо 28 числа месяца, след.за отчетным периодом.', 'active', 'Юридическое лицо', 'Общая система налогообложения', '', 0, 0, 1, NULL, 1541921297, 1542446201, 2, 2),
(21, 'Авансы по налогу на имущество', 'default', 'report', NULL, '', '', 0, '2018-04-30', NULL, '2019-04-30', '2030-12-31', 'quarter', 'Квартальная (только за 1, 2 и 3 квартал)', 'active', 'Юридическое лицо', 'Общая система налогообложения', '', 0, 1, 1, NULL, 1541922906, 1542440452, 2, 2),
(22, 'Декларация по транспортному налогу', 'default', 'report', NULL, '', '', 0, '2018-02-01', NULL, '2019-02-01', '2030-12-31', 'year', '', 'active', 'Юридическое лицо', '', '', 1, 0, 1, NULL, 1541922982, 1541923071, 2, 2),
(23, 'Декларация по земельному налогу', 'default', 'report', NULL, '', '', 0, '2018-02-01', NULL, '2019-02-01', '2030-12-31', 'year', '', 'active', 'Юридическое лицо', '', '', 0, 1, 1, NULL, 1541923035, 1541923035, 2, 2),
(24, '6-НДФЛ', 'default', 'report', NULL, '', '', 0, '2018-03-31', NULL, '2018-12-31', '2030-12-31', 'quarter', '', 'active', '', '', 'Есть', 0, 0, 0, NULL, 1541923315, 1541923315, 2, 2),
(25, '2-НДФЛ', 'default', 'report', NULL, '', '', 0, '2019-03-31', NULL, '2019-04-01', '2030-12-31', 'year', '', 'active', '', '', 'Есть', 0, 0, 0, NULL, 1541923360, 1541923360, 2, 2),
(26, 'СЗВ-М', 'default', 'report', NULL, '', '', 0, '2018-01-15', NULL, '2018-12-17', '2030-12-31', 'month', '', 'active', '', '', 'Есть', 0, 0, 0, NULL, 1541923401, 1542446221, 2, 2),
(27, 'Бухгалтерская отчетность', 'default', 'report', NULL, '', '', 0, '2019-03-31', NULL, '2019-04-01', '2030-12-31', 'year', '', 'active', 'Юридическое лицо', '', '', 0, 0, 0, NULL, 1541923449, 1541923449, 2, 2),
(28, 'СЗВ-стаж', 'default', 'report', NULL, '', '', 0, '2018-03-01', NULL, '2019-03-01', '2030-12-31', 'year', '', 'active', '', '', 'Есть', 0, 0, 0, NULL, 1541923489, 1541923489, 2, 2),
(29, 'Декларация по УСН (юридическое лицо)', 'default', 'report', NULL, '', '', 0, '2019-03-31', NULL, '2019-04-01', '2030-12-31', 'year', '', 'active', 'Юридическое лицо', 'Упрощенная система налогообложения', '', 0, 0, 1, NULL, 1541923576, 1541923576, 2, 2),
(30, 'Декларация по УСН (ИП)', 'default', 'report', NULL, '', '', 0, '2018-05-03', NULL, '2019-05-03', '2030-12-31', 'year', '', 'active', 'Индивидуальный предприниматель', 'Упрощенная система налогообложения', '', 0, 0, 1, NULL, 1541923634, 1541923634, 2, 2),
(31, 'Декларация по ЕНВД', 'default', 'report', NULL, '', '', 0, '2018-01-20', NULL, '2019-01-21', '2030-12-31', 'quarter', '', 'active', '', 'Единый налог на вмененный доход', '', 0, 0, 0, NULL, 1541923744, 1543259843, 2, 2),
(32, 'Декларация по ЕСХН', 'default', 'report', NULL, '', '', 0, '2019-03-31', NULL, '2019-04-01', '2030-12-31', 'year', '', 'active', '', 'Единый сельскохозяйственный налог', '', 0, 0, 0, NULL, 1541923789, 1543259762, 2, 2),
(33, '3-НДФЛ', 'default', 'report', NULL, '', '', 0, '2019-04-30', NULL, '2019-04-30', '2030-12-31', 'year', '', 'active', 'Индивидуальный предприниматель', 'Общая система налогообложения', '', 0, 0, 1, NULL, 1541923842, 1541923842, 2, 2);

-- --------------------------------------------------------

--
-- Структура таблицы `scheduleb_event_exception`
--

CREATE TABLE `scheduleb_event_exception` (
  `id` int(11) UNSIGNED NOT NULL,
  `event_id` int(11) UNSIGNED NOT NULL,
  `start_date` date DEFAULT NULL,
  `frequency` enum('none','month','quarter','year') NOT NULL DEFAULT 'none' COMMENT 'Период повторения',
  `created_at` int(11) UNSIGNED DEFAULT NULL,
  `updated_at` int(11) UNSIGNED DEFAULT NULL,
  `created_by` int(11) UNSIGNED DEFAULT NULL,
  `updated_by` int(11) UNSIGNED DEFAULT NULL
) ENGINE=InnoDB DEFAULT CHARSET=utf8;

--
-- СВЯЗИ ТАБЛИЦЫ `scheduleb_event_exception`:
--   `created_by`
--       `scheduleb_user` -> `id`
--   `event_id`
--       `scheduleb_event` -> `id`
--   `updated_by`
--       `scheduleb_user` -> `id`
--

--
-- Дамп данных таблицы `scheduleb_event_exception`
--

INSERT INTO `scheduleb_event_exception` (`id`, `event_id`, `start_date`, `frequency`, `created_at`, `updated_at`, `created_by`, `updated_by`) VALUES
(11, 11, NULL, 'none', 1541869498, 1541869498, 2, 2),
(12, 12, NULL, 'none', 1541870787, 1541870787, 2, 2),
(13, 13, NULL, 'none', 1541870856, 1541870856, 2, 2),
(14, 14, NULL, 'none', 1541870919, 1541870919, 2, 2),
(15, 15, NULL, 'none', 1541871046, 1541871046, 2, 2),
(16, 16, NULL, 'none', 1541871113, 1541871113, 2, 2),
(17, 17, NULL, 'none', 1541871179, 1541871179, 2, 2),
(18, 18, NULL, 'none', 1541871252, 1541871252, 2, 2),
(19, 19, NULL, 'none', 1541871337, 1541871337, 2, 2),
(20, 20, '2018-01-28', 'year', 1541921297, 1541922296, 2, 2),
(21, 21, '2019-01-30', 'year', 1541922906, 1541922906, 2, 2),
(22, 22, NULL, 'none', 1541922982, 1541922982, 2, 2),
(23, 23, NULL, 'none', 1541923035, 1541923035, 2, 2),
(24, 24, NULL, 'none', 1541923315, 1541923315, 2, 2),
(25, 25, NULL, 'none', 1541923360, 1541923360, 2, 2),
(26, 26, NULL, 'none', 1541923401, 1541923401, 2, 2),
(27, 27, NULL, 'none', 1541923449, 1541923449, 2, 2),
(28, 28, NULL, 'none', 1541923489, 1541923489, 2, 2),
(29, 29, NULL, 'none', 1541923576, 1541923576, 2, 2),
(30, 30, NULL, 'none', 1541923634, 1541923634, 2, 2),
(31, 31, NULL, 'none', 1541923744, 1541923744, 2, 2),
(32, 32, NULL, 'none', 1541923789, 1541923789, 2, 2),
(33, 33, NULL, 'none', 1541923842, 1541923842, 2, 2);

-- --------------------------------------------------------

--
-- Структура таблицы `scheduleb_event_exception_org`
--

CREATE TABLE `scheduleb_event_exception_org` (
  `id` int(11) UNSIGNED NOT NULL,
  `event_id` int(11) UNSIGNED DEFAULT NULL,
  `org_id` int(11) UNSIGNED DEFAULT NULL,
  `exception_date` date NOT NULL,
  `is_removed` tinyint(1) DEFAULT NULL COMMENT 'Флаг исключения события из списка событий огранизации (навсегда)',
  `created_at` int(11) UNSIGNED DEFAULT NULL,
  `updated_at` int(11) UNSIGNED DEFAULT NULL,
  `created_by` int(11) UNSIGNED DEFAULT NULL,
  `updated_by` int(11) UNSIGNED DEFAULT NULL
) ENGINE=InnoDB DEFAULT CHARSET=utf8 COMMENT='Исключения по датам для огранизаций' ROW_FORMAT=DYNAMIC;

--
-- СВЯЗИ ТАБЛИЦЫ `scheduleb_event_exception_org`:
--   `event_id`
--       `scheduleb_event` -> `id`
--   `org_id`
--       `scheduleb_org` -> `id`
--   `created_by`
--       `scheduleb_user` -> `id`
--   `event_id`
--       `scheduleb_event` -> `id`
--   `org_id`
--       `scheduleb_org` -> `id`
--   `updated_by`
--       `scheduleb_user` -> `id`
--

-- --------------------------------------------------------

--
-- Структура таблицы `scheduleb_file_storage_item`
--

CREATE TABLE `scheduleb_file_storage_item` (
  `id` int(11) NOT NULL,
  `component` varchar(255) NOT NULL,
  `base_url` varchar(1024) NOT NULL,
  `path` varchar(1024) NOT NULL,
  `type` varchar(255) DEFAULT NULL,
  `size` int(11) DEFAULT NULL,
  `name` varchar(255) DEFAULT NULL,
  `upload_ip` varchar(15) DEFAULT NULL,
  `created_at` int(11) NOT NULL
) ENGINE=MyISAM DEFAULT CHARSET=utf8;

--
-- СВЯЗИ ТАБЛИЦЫ `scheduleb_file_storage_item`:
--

--
-- Дамп данных таблицы `scheduleb_file_storage_item`
--

INSERT INTO `scheduleb_file_storage_item` (`id`, `component`, `base_url`, `path`, `type`, `size`, `name`, `upload_ip`, `created_at`) VALUES
(1, 'fileStorage', 'http://storage.scheduleb/source', '1/GZUOKzm6byLYW7G9SdA5XAWI-b9CDrOk.jpg', 'image/jpeg', 85232, 'GZUOKzm6byLYW7G9SdA5XAWI-b9CDrOk', '127.0.0.1', 1531407843),
(2, 'fileStorage', 'http://storage.scheduleb/source', '1/h6NCygSSozEg2q_uxYcnOVnM0Yc5SQpS.jpg', 'image/jpeg', 85232, 'h6NCygSSozEg2q_uxYcnOVnM0Yc5SQpS', '127.0.0.1', 1531407904),
(3, 'fileStorage', 'http://storage.scheduleb/source', '1/5o5T-W0gNeD2_Q8A3AwJcgOTOU7hEXD2.jpg', 'image/jpeg', 439869, '5o5T-W0gNeD2_Q8A3AwJcgOTOU7hEXD2', '127.0.0.1', 1536385417),
(4, 'fileStorage', 'http://storage.scheduleb/source', '1/vYvin_uSDTyBU-kpiPeFWMDxcrZh-MT_.png', 'image/png', 46421, 'vYvin_uSDTyBU-kpiPeFWMDxcrZh-MT_', '127.0.0.1', 1536392439),
(5, 'fileStorage', 'http://storage.scheduleb/source', '1/yMz7PN-nbDAIxGqwefxAeTRT4RX3JkGH.png', 'image/png', 46421, 'yMz7PN-nbDAIxGqwefxAeTRT4RX3JkGH', '127.0.0.1', 1536392536),
(6, 'fileStorage', 'http://storage.scheduleb/source', '1/sblzoSU58lHgogVo_2uUa-iYAIgFFLBx.png', 'image/png', 46421, 'sblzoSU58lHgogVo_2uUa-iYAIgFFLBx', '127.0.0.1', 1536392573),
(7, 'fileStorage', 'http://storage.scheduleb/source', '1/o9Mo7mcbt9Ml5kc3-WrTQbL_rLVjDluk.jpg', 'image/jpeg', 363304, 'o9Mo7mcbt9Ml5kc3-WrTQbL_rLVjDluk', '127.0.0.1', 1536490689),
(9, 'fileStorage', 'http://storage.scheduleb/source', '1/klOWYGXpN4SLnYMQbz5pxSOpUAqss8Md.jpg', 'image/jpeg', 82558, 'klOWYGXpN4SLnYMQbz5pxSOpUAqss8Md', '127.0.0.1', 1536999333);

-- --------------------------------------------------------

--
-- Структура таблицы `scheduleb_group`
--

CREATE TABLE `scheduleb_group` (
  `id` int(11) UNSIGNED NOT NULL,
  `owner_id` int(11) UNSIGNED DEFAULT NULL,
  `title` varchar(255) DEFAULT NULL,
  `description` text,
  `created_at` int(11) UNSIGNED DEFAULT NULL,
  `updated_at` int(11) UNSIGNED DEFAULT NULL,
  `created_by` int(11) UNSIGNED DEFAULT NULL,
  `updated_by` int(11) UNSIGNED DEFAULT NULL
) ENGINE=InnoDB DEFAULT CHARSET=utf8 COMMENT='ГРуппы пользователей';

--
-- СВЯЗИ ТАБЛИЦЫ `scheduleb_group`:
--   `owner_id`
--       `scheduleb_user` -> `id`
--

-- --------------------------------------------------------

--
-- Структура таблицы `scheduleb_i18n_message`
--

CREATE TABLE `scheduleb_i18n_message` (
  `id` int(11) NOT NULL,
  `language` varchar(16) NOT NULL,
  `translation` text
) ENGINE=MyISAM DEFAULT CHARSET=utf8;

--
-- СВЯЗИ ТАБЛИЦЫ `scheduleb_i18n_message`:
--

-- --------------------------------------------------------

--
-- Структура таблицы `scheduleb_i18n_source_message`
--

CREATE TABLE `scheduleb_i18n_source_message` (
  `id` int(11) NOT NULL,
  `category` varchar(32) DEFAULT NULL,
  `message` text
) ENGINE=MyISAM DEFAULT CHARSET=utf8;

--
-- СВЯЗИ ТАБЛИЦЫ `scheduleb_i18n_source_message`:
--

-- --------------------------------------------------------

--
-- Структура таблицы `scheduleb_key_storage_item`
--

CREATE TABLE `scheduleb_key_storage_item` (
  `key` varchar(128) NOT NULL,
  `value` text NOT NULL,
  `comment` text,
  `updated_at` int(11) DEFAULT NULL,
  `created_at` int(11) DEFAULT NULL
) ENGINE=MyISAM DEFAULT CHARSET=utf8;

--
-- СВЯЗИ ТАБЛИЦЫ `scheduleb_key_storage_item`:
--

--
-- Дамп данных таблицы `scheduleb_key_storage_item`
--

INSERT INTO `scheduleb_key_storage_item` (`key`, `value`, `comment`, `updated_at`, `created_at`) VALUES
('backend.theme-skin', 'skin-blue', 'skin-blue, skin-black, skin-purple, skin-green, skin-red, skin-yellow', NULL, NULL),
('backend.layout-fixed', '0', NULL, NULL, NULL),
('backend.layout-boxed', '0', NULL, NULL, NULL),
('backend.layout-collapsed-sidebar', '0', NULL, NULL, NULL),
('frontend.maintenance', 'disabled', 'Set it to \"enabled\" to turn on maintenance mode', NULL, NULL);

-- --------------------------------------------------------

--
-- Структура таблицы `scheduleb_notification_log`
--

CREATE TABLE `scheduleb_notification_log` (
  `id` int(10) UNSIGNED NOT NULL,
  `event_date` date DEFAULT NULL,
  `remind_date` date DEFAULT NULL COMMENT 'Дата напоминания',
  `type` enum('event','remind') NOT NULL,
  `status` enum('active','in_work','finished','canceled','expired','expired_and_confirmed') NOT NULL,
  `action` enum('report','payment','custom') NOT NULL DEFAULT 'report',
  `event_id` int(10) UNSIGNED NOT NULL,
  `user_id` int(10) UNSIGNED DEFAULT NULL COMMENT 'Ссылка на профиль пользователя',
  `org_id` int(10) UNSIGNED DEFAULT NULL,
  `reminder_id` int(10) UNSIGNED DEFAULT NULL,
  `title` varchar(250) DEFAULT NULL,
  `message` varchar(16383) DEFAULT NULL COMMENT 'Служебные сообщения',
  `is_success_email` tinyint(1) DEFAULT NULL COMMENT 'Результат отправки сообщения',
  `created_at` int(10) UNSIGNED NOT NULL
) ENGINE=InnoDB DEFAULT CHARSET=utf8 COMMENT='Лог рассылки напоминаний' ROW_FORMAT=DYNAMIC;

--
-- СВЯЗИ ТАБЛИЦЫ `scheduleb_notification_log`:
--   `event_id`
--       `scheduleb_event` -> `id`
--   `org_id`
--       `scheduleb_org` -> `id`
--   `reminder_id`
--       `scheduleb_rel_event_org` -> `id`
--   `user_id`
--       `scheduleb_user` -> `id`
--   `event_id`
--       `scheduleb_event` -> `id`
--   `org_id`
--       `scheduleb_org` -> `id`
--   `reminder_id`
--       `scheduleb_rel_event_org` -> `id`
--   `user_id`
--       `scheduleb_user` -> `id`
--

--
-- Дамп данных таблицы `scheduleb_notification_log`
--

INSERT INTO `scheduleb_notification_log` (`id`, `event_date`, `remind_date`, `type`, `status`, `action`, `event_id`, `user_id`, `org_id`, `reminder_id`, `title`, `message`, `is_success_email`, `created_at`) VALUES
(1, '2019-01-21', '2018-12-22', 'remind', 'active', 'report', 16, 2, 6, 14, NULL, NULL, 1, 1543739561),
(2, '2019-01-21', '2018-12-22', 'remind', 'active', 'report', 14, 2, 7, 23, NULL, NULL, 1, 1543739561),
(3, '2019-01-21', '2018-12-22', 'remind', 'active', 'report', 16, 2, 7, 25, NULL, NULL, 1, 1543739561),
(4, '2019-01-21', '2018-12-22', 'remind', 'active', 'report', 14, 2, 8, 35, NULL, NULL, 1, 1543739562),
(5, '2019-01-21', '2018-12-22', 'remind', 'active', 'report', 16, 2, 8, 36, NULL, NULL, 1, 1543739562);

-- --------------------------------------------------------

--
-- Структура таблицы `scheduleb_org`
--

CREATE TABLE `scheduleb_org` (
  `id` int(11) UNSIGNED NOT NULL,
  `title` varchar(128) DEFAULT NULL COMMENT ' Название',
  `owner_id` int(11) UNSIGNED DEFAULT NULL COMMENT 'Ссылка на создателя',
  `group_id` int(11) UNSIGNED DEFAULT NULL COMMENT 'Ссылка на группу',
  `org_type` enum('Юридическое лицо','Индивидуальный предприниматель') NOT NULL DEFAULT 'Юридическое лицо' COMMENT 'Организационно-правовая форма',
  `tax_type` set('Общая система налогообложения','Упрощенная система налогообложения','Единый налог на вмененный доход','Патентная система налогообложения','Единый сельскохозяйственный налог') NOT NULL COMMENT 'Система налогообложения',
  `hired_labour` enum('Есть','Нет') NOT NULL DEFAULT 'Нет' COMMENT 'Использование наемного труда',
  `is_vehicles_tax` tinyint(1) DEFAULT '1' COMMENT 'Является плательщиком транспортного налога',
  `is_property_tax` tinyint(1) DEFAULT '1' COMMENT 'Является плательщиком налога на имущество',
  `is_default` tinyint(1) DEFAULT NULL COMMENT 'Организация с меткой default обслуживаются после окончания платных услуг',
  `status` enum('active','trashed','archived','deleted') NOT NULL DEFAULT 'active',
  `remind_via_email` tinyint(1) NOT NULL DEFAULT '1',
  `remind_via_messenger` tinyint(1) NOT NULL DEFAULT '1' COMMENT 'Мессенджер берется из профиля пользователя',
  `description` varchar(1024) DEFAULT NULL COMMENT 'Описание',
  `created_at` int(11) UNSIGNED DEFAULT NULL,
  `updated_at` int(11) UNSIGNED DEFAULT NULL,
  `created_by` int(11) UNSIGNED DEFAULT NULL,
  `updated_by` int(11) UNSIGNED DEFAULT NULL
) ENGINE=InnoDB DEFAULT CHARSET=utf8 COMMENT='Список обслуживаемых организаций' ROW_FORMAT=DYNAMIC;

--
-- СВЯЗИ ТАБЛИЦЫ `scheduleb_org`:
--   `created_by`
--       `scheduleb_user` -> `id`
--   `owner_id`
--       `scheduleb_user` -> `id`
--   `updated_by`
--       `scheduleb_user` -> `id`
--   `created_by`
--       `scheduleb_user` -> `id`
--   `created_by`
--       `scheduleb_user` -> `id`
--   `group_id`
--       `scheduleb_group` -> `id`
--   `owner_id`
--       `scheduleb_user` -> `id`
--   `updated_by`
--       `scheduleb_user` -> `id`
--   `updated_by`
--       `scheduleb_user` -> `id`
--

--
-- Дамп данных таблицы `scheduleb_org`
--

INSERT INTO `scheduleb_org` (`id`, `title`, `owner_id`, `group_id`, `org_type`, `tax_type`, `hired_labour`, `is_vehicles_tax`, `is_property_tax`, `is_default`, `status`, `remind_via_email`, `remind_via_messenger`, `description`, `created_at`, `updated_at`, `created_by`, `updated_by`) VALUES
(2, 'Василёк 1', 3, NULL, 'Юридическое лицо', 'Упрощенная система налогообложения,Единый сельскохозяйственный налог', '', 0, 0, 1, 'active', 1, 1, 'ООО Василёк 1. Торговля маками и ромашками.', 1533727313, 1533808924, 3, 3),
(3, 'Медуза 1', 3, NULL, 'Индивидуальный предприниматель', 'Патентная система налогообложения', 'Есть', 0, 0, 0, 'active', 1, 1, 'Плантация по выращиванию мясных медуз на продажу в рестораны гималайской кухни.', 1533741230, 1533808923, 3, 3),
(4, 'Зебра', 3, NULL, 'Юридическое лицо', 'Общая система налогообложения', '', 0, 0, 0, 'active', 1, 1, 'Стильная полосатая одежда для гос организаций.', 1533741718, 1533808619, 3, 3),
(5, 'Мороженые пироженые', 1, NULL, 'Индивидуальный предприниматель', 'Единый налог на вмененный доход', 'Есть', 0, 0, 1, 'active', 1, 1, 'Услуги по заморозке пироженых', 1533800061, 1533800061, 1, 1),
(6, 'Молчаливый слон', 2, NULL, 'Юридическое лицо', 'Упрощенная система налогообложения,Единый сельскохозяйственный налог', 'Есть', 1, 1, 0, 'active', 1, 1, 'Удобные музыкальные продукты питания в дорогу. Горох, бобы и др.', 1536999479, 1541919073, 2, 2),
(7, 'Музыкальный звездолёт', 2, NULL, 'Юридическое лицо', 'Упрощенная система налогообложения', 'Есть', 0, 0, 1, 'active', 1, 1, 'Удобные музыкальные продукты питания в дорогу. Горох, бобы и др.', 1536999488, 1540544665, 2, 2),
(8, 'Сыпучий лёд', 2, NULL, 'Юридическое лицо', 'Общая система налогообложения', 'Есть', 0, 0, 0, 'active', 1, 1, 'Сладости для мозга. Качественная смазка сознания.', 1540539870, 1540540079, 2, 2),
(9, 'Рабы в каждый дом', 2, NULL, 'Индивидуальный предприниматель', 'Общая система налогообложения', 'Нет', 0, 0, 0, 'active', 1, 1, 'паыфвпвы', 1540543562, 1540543580, 2, 2);

-- --------------------------------------------------------

--
-- Структура таблицы `scheduleb_page`
--

CREATE TABLE `scheduleb_page` (
  `id` int(11) NOT NULL,
  `slug` varchar(2048) NOT NULL,
  `title` varchar(512) NOT NULL,
  `body` text NOT NULL,
  `view` varchar(255) DEFAULT NULL,
  `status` smallint(6) NOT NULL,
  `created_at` int(11) DEFAULT NULL,
  `updated_at` int(11) DEFAULT NULL
) ENGINE=MyISAM DEFAULT CHARSET=utf8;

--
-- СВЯЗИ ТАБЛИЦЫ `scheduleb_page`:
--

--
-- Дамп данных таблицы `scheduleb_page`
--

INSERT INTO `scheduleb_page` (`id`, `slug`, `title`, `body`, `view`, `status`, `created_at`, `updated_at`) VALUES
(1, 'about', 'About', 'Lorem ipsum dolor sit amet, consectetur adipiscing elit.', NULL, 1, 1529175937, 1529175937),
(2, 'agreement', 'Лицензионный договор', '<p>Текст лицензионного договора.\r\n</p>\r\n<p \"=\"\">Можно с картинками.\r\n</p>\r\n<p \"=\"\"><img src=\"http://storage.scheduleb/source/1/5o5T-W0gNeD2_Q8A3AwJcgOTOU7hEXD2.jpg\" \"=\"\">\r\n</p>', '', 1, 1536385521, 1536385521),
(3, 'inviteviaemail', 'Приглашение пользователя по e-mail', '<p \"=\"\">Текст приглашения по e-mail, отправляемый потенциальному пользователю сайта.<br></p>', '', 1, 1536410987, 1536410987);

-- --------------------------------------------------------

--
-- Структура таблицы `scheduleb_rbac_auth_assignment`
--

CREATE TABLE `scheduleb_rbac_auth_assignment` (
  `item_name` varchar(64) COLLATE utf8_unicode_ci NOT NULL,
  `user_id` varchar(64) COLLATE utf8_unicode_ci NOT NULL,
  `created_at` int(11) DEFAULT NULL
) ENGINE=InnoDB DEFAULT CHARSET=utf8 COLLATE=utf8_unicode_ci ROW_FORMAT=DYNAMIC;

--
-- СВЯЗИ ТАБЛИЦЫ `scheduleb_rbac_auth_assignment`:
--   `item_name`
--       `scheduleb_rbac_auth_item` -> `name`
--

--
-- Дамп данных таблицы `scheduleb_rbac_auth_assignment`
--

INSERT INTO `scheduleb_rbac_auth_assignment` (`item_name`, `user_id`, `created_at`) VALUES
('administrator', '1', 1539792540),
('manager', '2', 1539792541),
('user', '3', 1541404815),
('user', '6', 1541425022),
('user_manager', '4', 1540373286),
('user_paid', '5', 1540373298);

-- --------------------------------------------------------

--
-- Структура таблицы `scheduleb_rbac_auth_item`
--

CREATE TABLE `scheduleb_rbac_auth_item` (
  `name` varchar(64) COLLATE utf8_unicode_ci NOT NULL,
  `type` smallint(6) NOT NULL,
  `description` text COLLATE utf8_unicode_ci,
  `rule_name` varchar(64) COLLATE utf8_unicode_ci DEFAULT NULL,
  `data` blob,
  `created_at` int(11) DEFAULT NULL,
  `updated_at` int(11) DEFAULT NULL
) ENGINE=InnoDB DEFAULT CHARSET=utf8 COLLATE=utf8_unicode_ci ROW_FORMAT=DYNAMIC;

--
-- СВЯЗИ ТАБЛИЦЫ `scheduleb_rbac_auth_item`:
--   `rule_name`
--       `scheduleb_rbac_auth_rule` -> `name`
--

--
-- Дамп данных таблицы `scheduleb_rbac_auth_item`
--

INSERT INTO `scheduleb_rbac_auth_item` (`name`, `type`, `description`, `rule_name`, `data`, `created_at`, `updated_at`) VALUES
('administrator', 1, NULL, NULL, NULL, 1539792540, 1539792540),
('editOwnModel', 2, NULL, 'ownModelRule', NULL, 1539792541, 1539792541),
('exceedOrgLimit', 2, 'Разрешение на одновременную работу с организациями сверх заданного лимита.', NULL, NULL, 1539792541, 1539792541),
('loginToBackend', 2, NULL, NULL, NULL, 1539792541, 1539792541),
('manageEventDefault', 2, 'Разрешение на управление стандартными событиями (отчётами и налогами).', 'eventDefaultRule', NULL, 1539794270, 1539794270),
('manageGroup', 2, 'Разрешение на управление группами и пользователями в группах.', NULL, NULL, 1539792541, 1539792541),
('manager', 1, NULL, NULL, NULL, 1539792540, 1539792540),
('notifyByMessengers', 2, 'Разрешение на получение уведомлений через мессенджеры.', NULL, NULL, 1539792541, 1539792541),
('user', 1, NULL, NULL, NULL, 1539792540, 1539792540),
('user_manager', 1, 'Оплаченная учетная запись администратора группы. Полный доступ ко всем функциям в многопользовательском режиме.', NULL, NULL, 1539792541, 1539792541),
('user_paid', 1, 'Оплаченная учетная запись пользователя. Полный доступ ко всем функциям в режиме одного пользователя.', NULL, NULL, 1539792541, 1539792541);

-- --------------------------------------------------------

--
-- Структура таблицы `scheduleb_rbac_auth_item_child`
--

CREATE TABLE `scheduleb_rbac_auth_item_child` (
  `parent` varchar(64) COLLATE utf8_unicode_ci NOT NULL,
  `child` varchar(64) COLLATE utf8_unicode_ci NOT NULL
) ENGINE=InnoDB DEFAULT CHARSET=utf8 COLLATE=utf8_unicode_ci ROW_FORMAT=DYNAMIC;

--
-- СВЯЗИ ТАБЛИЦЫ `scheduleb_rbac_auth_item_child`:
--   `parent`
--       `scheduleb_rbac_auth_item` -> `name`
--   `child`
--       `scheduleb_rbac_auth_item` -> `name`
--

--
-- Дамп данных таблицы `scheduleb_rbac_auth_item_child`
--

INSERT INTO `scheduleb_rbac_auth_item_child` (`parent`, `child`) VALUES
('user', 'editOwnModel'),
('user_paid', 'exceedOrgLimit'),
('administrator', 'loginToBackend'),
('manager', 'loginToBackend'),
('manager', 'manageEventDefault'),
('user_manager', 'manageGroup'),
('administrator', 'manager'),
('user_paid', 'notifyByMessengers'),
('administrator', 'user'),
('manager', 'user'),
('user_paid', 'user'),
('user_manager', 'user_paid');

-- --------------------------------------------------------

--
-- Структура таблицы `scheduleb_rbac_auth_rule`
--

CREATE TABLE `scheduleb_rbac_auth_rule` (
  `name` varchar(64) COLLATE utf8_unicode_ci NOT NULL,
  `data` blob,
  `created_at` int(11) DEFAULT NULL,
  `updated_at` int(11) DEFAULT NULL
) ENGINE=InnoDB DEFAULT CHARSET=utf8 COLLATE=utf8_unicode_ci ROW_FORMAT=DYNAMIC;

--
-- СВЯЗИ ТАБЛИЦЫ `scheduleb_rbac_auth_rule`:
--

--
-- Дамп данных таблицы `scheduleb_rbac_auth_rule`
--

INSERT INTO `scheduleb_rbac_auth_rule` (`name`, `data`, `created_at`, `updated_at`) VALUES
('eventDefaultRule', 0x4f3a33333a22636f6d6d6f6e5c726261635c72756c655c4576656e7444656661756c7452756c65223a333a7b733a343a226e616d65223b733a31363a226576656e7444656661756c7452756c65223b733a393a22637265617465644174223b693a313533393739343237303b733a393a22757064617465644174223b693a313533393739343237303b7d, 1539794270, 1539794270),
('ownModelRule', 0x4f3a32393a22636f6d6d6f6e5c726261635c72756c655c4f776e4d6f64656c52756c65223a333a7b733a343a226e616d65223b733a31323a226f776e4d6f64656c52756c65223b733a393a22637265617465644174223b693a313533393739323534313b733a393a22757064617465644174223b693a313533393739323534313b7d, 1539792541, 1539792541);

-- --------------------------------------------------------

--
-- Структура таблицы `scheduleb_rel_event_org`
--

CREATE TABLE `scheduleb_rel_event_org` (
  `id` int(11) UNSIGNED NOT NULL,
  `org_id` int(11) UNSIGNED DEFAULT NULL,
  `event_id` int(11) UNSIGNED DEFAULT NULL,
  `remind_before` tinyint(3) UNSIGNED NOT NULL DEFAULT '10' COMMENT 'Напомнить за х дней до события',
  `status` enum('active','in_work','finished','canceled') NOT NULL DEFAULT 'active' COMMENT 'Пользовательские отметки о состоянии работы над событием',
  `status_previous` enum('active','in_work','finished','canceled') DEFAULT NULL,
  `remind_last` date DEFAULT NULL COMMENT 'Дата последнего отправленного напоминания',
  `description` varchar(16383) DEFAULT NULL COMMENT 'Заметка к напоминанию, редактируемая пользователем',
  `created_at` int(11) UNSIGNED DEFAULT NULL,
  `updated_at` int(11) UNSIGNED DEFAULT NULL,
  `created_by` int(11) UNSIGNED DEFAULT NULL,
  `updated_by` int(11) UNSIGNED DEFAULT NULL
) ENGINE=InnoDB DEFAULT CHARSET=utf8 COMMENT='Принадлежность событий и платежей организациям' ROW_FORMAT=DYNAMIC;

--
-- СВЯЗИ ТАБЛИЦЫ `scheduleb_rel_event_org`:
--   `event_id`
--       `scheduleb_event` -> `id`
--   `org_id`
--       `scheduleb_org` -> `id`
--   `created_by`
--       `scheduleb_user` -> `id`
--   `updated_by`
--       `scheduleb_user` -> `id`
--

--
-- Дамп данных таблицы `scheduleb_rel_event_org`
--

INSERT INTO `scheduleb_rel_event_org` (`id`, `org_id`, `event_id`, `remind_before`, `status`, `status_previous`, `remind_last`, `description`, `created_at`, `updated_at`, `created_by`, `updated_by`) VALUES
(9, 6, 14, 15, 'canceled', 'active', NULL, 'Слоны отчаливают в среду!', 1541958818, 1543136412, 2, 2),
(10, 6, 22, 30, 'in_work', 'active', NULL, NULL, 1541958818, 1543135848, 2, 2),
(11, 6, 23, 5, 'active', NULL, NULL, '', 1541958818, 1542309821, 2, 2),
(12, 6, 27, 30, 'finished', NULL, NULL, NULL, 1541958818, 1541958818, 2, 2),
(13, 6, 15, 30, 'active', NULL, NULL, NULL, 1542436243, 1542436243, 2, 2),
(14, 6, 16, 30, 'active', NULL, NULL, NULL, 1542436246, 1542436246, 2, 2),
(15, 6, 17, 30, 'active', NULL, NULL, NULL, 1542436249, 1542436249, 2, 2),
(16, 6, 18, 30, 'active', NULL, NULL, NULL, 1542436252, 1542436252, 2, 2),
(17, 6, 21, 30, 'active', NULL, NULL, NULL, 1542436254, 1542436254, 2, 2),
(18, 6, 24, 30, 'active', NULL, NULL, NULL, 1542436257, 1542436257, 2, 2),
(19, 6, 25, 30, 'active', NULL, NULL, NULL, 1542436260, 1542436260, 2, 2),
(20, 6, 26, 25, 'active', NULL, NULL, '', 1542436262, 1542534647, 2, 2),
(21, 6, 28, 30, 'active', NULL, NULL, NULL, 1542436270, 1542436270, 2, 2),
(22, 6, 32, 30, 'active', NULL, NULL, NULL, 1542436272, 1542436272, 2, 2),
(23, 7, 14, 30, 'active', NULL, NULL, NULL, 1542446869, 1542446869, 2, 2),
(24, 7, 15, 30, 'active', NULL, NULL, NULL, 1542446871, 1542446871, 2, 2),
(25, 7, 16, 30, 'active', NULL, NULL, NULL, 1542446872, 1542446872, 2, 2),
(26, 7, 17, 30, 'active', NULL, NULL, NULL, 1542446872, 1542446872, 2, 2),
(27, 7, 18, 30, 'active', NULL, NULL, NULL, 1542446874, 1542446874, 2, 2),
(28, 7, 24, 30, 'active', NULL, NULL, NULL, 1542446874, 1542446874, 2, 2),
(29, 7, 25, 30, 'active', NULL, NULL, NULL, 1542446875, 1542446875, 2, 2),
(30, 7, 26, 30, 'active', NULL, NULL, NULL, 1542446877, 1542446877, 2, 2),
(31, 7, 27, 30, 'active', NULL, NULL, NULL, 1542446878, 1542446878, 2, 2),
(32, 7, 28, 30, 'active', NULL, NULL, NULL, 1542446879, 1542446879, 2, 2),
(33, 7, 29, 30, 'active', NULL, NULL, NULL, 1542446881, 1542446881, 2, 2),
(34, 8, 11, 12, 'active', NULL, NULL, '', 1543068997, 1543069360, 2, 2),
(35, 8, 14, 30, 'active', NULL, NULL, NULL, 1543069016, 1543069016, 2, 2),
(36, 8, 16, 30, 'active', NULL, NULL, NULL, 1543069152, 1543069152, 2, 2),
(37, 8, 17, 30, 'active', NULL, NULL, NULL, 1543069160, 1543069160, 2, 2),
(38, 8, 18, 30, 'active', NULL, NULL, NULL, 1543069165, 1543069165, 2, 2),
(39, 8, 24, 30, 'active', NULL, NULL, NULL, 1543069165, 1543069165, 2, 2),
(40, 8, 25, 30, 'active', NULL, NULL, NULL, 1543069165, 1543069165, 2, 2),
(41, 8, 26, 30, 'active', NULL, NULL, NULL, 1543069165, 1543069165, 2, 2),
(42, 8, 27, 30, 'active', NULL, NULL, NULL, 1543069165, 1543069165, 2, 2),
(43, 8, 28, 30, 'active', NULL, NULL, NULL, 1543069165, 1543069165, 2, 2);

-- --------------------------------------------------------

--
-- Структура таблицы `scheduleb_rel_user_group`
--

CREATE TABLE `scheduleb_rel_user_group` (
  `user_id` int(11) UNSIGNED NOT NULL,
  `group_id` int(11) UNSIGNED NOT NULL,
  `created_at` int(11) UNSIGNED NOT NULL,
  `updated_at` int(11) UNSIGNED NOT NULL,
  `created_by` int(11) UNSIGNED NOT NULL,
  `updated_by` int(11) UNSIGNED NOT NULL
) ENGINE=InnoDB DEFAULT CHARSET=utf8 COMMENT='Связь пользователь-организация (многие ко многим)';

--
-- СВЯЗИ ТАБЛИЦЫ `scheduleb_rel_user_group`:
--   `group_id`
--       `scheduleb_org` -> `id`
--   `user_id`
--       `scheduleb_user` -> `id`
--   `group_id`
--       `scheduleb_group` -> `id`
--   `user_id`
--       `scheduleb_user` -> `id`
--

-- --------------------------------------------------------

--
-- Структура таблицы `scheduleb_rel_user_org`
--

CREATE TABLE `scheduleb_rel_user_org` (
  `user_id` int(11) UNSIGNED NOT NULL,
  `org_id` int(11) UNSIGNED NOT NULL,
  `created_at` int(11) UNSIGNED NOT NULL,
  `updated_at` int(11) UNSIGNED NOT NULL,
  `created_by` int(11) UNSIGNED NOT NULL,
  `updated_by` int(11) UNSIGNED NOT NULL
) ENGINE=InnoDB DEFAULT CHARSET=utf8 COMMENT='Связь пользователь-организация (многие ко многим)';

--
-- СВЯЗИ ТАБЛИЦЫ `scheduleb_rel_user_org`:
--   `org_id`
--       `scheduleb_org` -> `id`
--   `user_id`
--       `scheduleb_user` -> `id`
--   `org_id`
--       `scheduleb_org` -> `id`
--   `user_id`
--       `scheduleb_user` -> `id`
--   `created_by`
--       `scheduleb_user` -> `id`
--   `updated_by`
--       `scheduleb_user` -> `id`
--

-- --------------------------------------------------------

--
-- Структура таблицы `scheduleb_system_db_migration`
--

CREATE TABLE `scheduleb_system_db_migration` (
  `version` varchar(180) NOT NULL,
  `apply_time` int(11) DEFAULT NULL
) ENGINE=MyISAM DEFAULT CHARSET=utf8;

--
-- СВЯЗИ ТАБЛИЦЫ `scheduleb_system_db_migration`:
--

--
-- Дамп данных таблицы `scheduleb_system_db_migration`
--

INSERT INTO `scheduleb_system_db_migration` (`version`, `apply_time`) VALUES
('m000000_000000_base', 1529175928),
('m140703_123000_user', 1529175931),
('m140703_123055_log', 1529175932),
('m140703_123104_page', 1529175932),
('m140703_123803_article', 1529175933),
('m140703_123813_rbac', 1529175934),
('m140709_173306_widget_menu', 1529175934),
('m140709_173333_widget_text', 1529175934),
('m140712_123329_widget_carousel', 1529175934),
('m140805_084745_key_storage_item', 1529175935),
('m141012_101932_i18n_tables', 1529175935),
('m150318_213934_file_storage_item', 1529175935),
('m150414_195800_timeline_event', 1529175935),
('m150725_192740_seed_data', 1529175937),
('m150929_074021_article_attachment_order', 1529175937),
('m160203_095604_user_token', 1529175937);

-- --------------------------------------------------------

--
-- Структура таблицы `scheduleb_system_log`
--

CREATE TABLE `scheduleb_system_log` (
  `id` bigint(20) NOT NULL,
  `level` int(11) DEFAULT NULL,
  `category` varchar(255) COLLATE utf8_unicode_ci DEFAULT NULL,
  `log_time` double DEFAULT NULL,
  `prefix` text COLLATE utf8_unicode_ci,
  `message` text COLLATE utf8_unicode_ci
) ENGINE=InnoDB DEFAULT CHARSET=utf8 COLLATE=utf8_unicode_ci ROW_FORMAT=DYNAMIC;

--
-- СВЯЗИ ТАБЛИЦЫ `scheduleb_system_log`:
--

-- --------------------------------------------------------

--
-- Структура таблицы `scheduleb_system_rbac_migration`
--

CREATE TABLE `scheduleb_system_rbac_migration` (
  `version` varchar(180) NOT NULL,
  `apply_time` int(11) DEFAULT NULL
) ENGINE=MyISAM DEFAULT CHARSET=utf8;

--
-- СВЯЗИ ТАБЛИЦЫ `scheduleb_system_rbac_migration`:
--

--
-- Дамп данных таблицы `scheduleb_system_rbac_migration`
--

INSERT INTO `scheduleb_system_rbac_migration` (`version`, `apply_time`) VALUES
('m000000_000000_base', 1529175937),
('m181017_151112_manage_event_default', 1539794270),
('m180728_192704_business_permissions', 1539792541),
('m180728_192138_business_roles', 1539792541),
('m151223_074604_edit_own_model', 1539792541),
('m150625_215624_init_permissions', 1539792541),
('m150625_214101_roles', 1539792541);

-- --------------------------------------------------------

--
-- Структура таблицы `scheduleb_timeline_event`
--

CREATE TABLE `scheduleb_timeline_event` (
  `id` int(11) NOT NULL,
  `application` varchar(64) NOT NULL,
  `category` varchar(64) NOT NULL,
  `event` varchar(64) NOT NULL,
  `data` text,
  `created_at` int(11) NOT NULL
) ENGINE=MyISAM DEFAULT CHARSET=utf8;

--
-- СВЯЗИ ТАБЛИЦЫ `scheduleb_timeline_event`:
--

-- --------------------------------------------------------

--
-- Структура таблицы `scheduleb_user`
--

CREATE TABLE `scheduleb_user` (
  `id` int(11) UNSIGNED NOT NULL,
  `username` varchar(32) DEFAULT NULL,
  `auth_key` varchar(32) NOT NULL,
  `access_token` varchar(40) NOT NULL,
  `password_hash` varchar(255) NOT NULL,
  `oauth_client` varchar(255) DEFAULT NULL,
  `oauth_client_user_id` varchar(255) DEFAULT NULL,
  `email` varchar(255) NOT NULL,
  `status` smallint(6) NOT NULL DEFAULT '2',
  `manager_id` int(11) DEFAULT NULL COMMENT 'Ссылка на руководителя группы, в которую входит пользователь',
  `created_at` int(11) DEFAULT NULL,
  `updated_at` int(11) DEFAULT NULL,
  `logged_at` int(11) DEFAULT NULL
) ENGINE=InnoDB DEFAULT CHARSET=utf8 ROW_FORMAT=DYNAMIC;

--
-- СВЯЗИ ТАБЛИЦЫ `scheduleb_user`:
--

--
-- Дамп данных таблицы `scheduleb_user`
--

INSERT INTO `scheduleb_user` (`id`, `username`, `auth_key`, `access_token`, `password_hash`, `oauth_client`, `oauth_client_user_id`, `email`, `status`, `manager_id`, `created_at`, `updated_at`, `logged_at`) VALUES
(1, 'webmaster', 'QrpSrzpRntfJlX79WuXEju523ZzHcoYs', 'YJn6vjCaBR6ZjM99-GfA0FtSxF4vtq_SDbYndYjl', '$2y$13$Y86KKrM8LiG9qFNZsjFfZeESz2zrOC/ayknxoVvJkoiP8MNwVwyhK', NULL, NULL, 'webmaster@example.com', 2, NULL, 1529175936, 1529175936, 1543657116),
(2, 'manager', 'c8VgqGmffJ1U6ZSggYutknJ7dw9wuAFR', 'WG9Lo_Pz7Yol9jS5gFYnL8nvXXWDx1AaJqoLL75D', '$2y$13$MXxWc3QOGiN/wSxuI987nOJlpZA5xU4hkKCqa/H6Uvuz9U99ebyvm', NULL, NULL, 'manager@planb.amma.pw', 2, NULL, 1529175936, 1541404473, 1543733828),
(3, 'user', 'AslUkIbjAsbylVQKgdfT1jVsQGTJzmJs', 'f8UWkW7bbLyJnZnjMlPncQoTAuOyELnww4xNcSXy', '$2y$13$mime0CulVeL7o6m4VwF2ROO11tkLrS1BDtcpgg9.dpRVPNzw.Wyli', NULL, NULL, 'user@planb.amma.pw', 2, NULL, 1529175937, 1541404815, 1540629601),
(4, 'user_manager', 'FAKMfknnabOInRRC_IfDwBQs_K5YTquX', 'qZbPxL3AQN2nLufY-WLoK9wCjrA3fVyzOqTou6Rb', '$2y$13$N2tBzt/rUbqAvJx8AOo2Ie2OKpQ95gOr8VGUAPOZEQVbFJ8u6xINW', NULL, NULL, 'user_manager@example.com', 2, NULL, 1540371531, 1540373286, 1540375469),
(5, 'user_paid', 'zP9_nPtALWoNQNgdzieHjXAC1GHo-68y', '2oAcEDD5VPw5smAsyi0GRwNKJ5j_9Dj4sGRQ1joj', '$2y$13$RtGKROiFEtOUYQ2C0v//4.6Owci2QpjDCpHCP9S2R.RAWOxXHQkXa', NULL, NULL, 'user_paid@example.com', 1, NULL, 1540371561, 1540373298, NULL),
(6, 'user2', 'WyVjSG_waqXZ7XFuEr5fA70NFJT2G5ON', 'LNrHOtUHGeBMt7ZLSC7eAyz_1-tbEjV6IFTKzTpa', '$2y$13$VdYVazdXzqKGE58ZduPvreFxKsbU8W86jgtsjuxxE4OC54pm9eFPy', NULL, NULL, 'user2@mail.ty', 2, NULL, 1541425022, 1541425022, 1541425022);

-- --------------------------------------------------------

--
-- Структура таблицы `scheduleb_user_profile`
--

CREATE TABLE `scheduleb_user_profile` (
  `user_id` int(11) NOT NULL,
  `firstname` varchar(255) DEFAULT NULL,
  `middlename` varchar(255) DEFAULT NULL,
  `lastname` varchar(255) DEFAULT NULL,
  `avatar_path` varchar(255) DEFAULT NULL,
  `avatar_base_url` varchar(255) DEFAULT NULL,
  `locale` varchar(32) NOT NULL,
  `gender` smallint(1) DEFAULT NULL,
  `init_email` varchar(255) DEFAULT NULL,
  `remind_before_default` int(10) UNSIGNED NOT NULL DEFAULT '30' COMMENT 'Напоминать о событии за Х дней (значение по умолчанию)'
) ENGINE=MyISAM DEFAULT CHARSET=utf8;

--
-- СВЯЗИ ТАБЛИЦЫ `scheduleb_user_profile`:
--

--
-- Дамп данных таблицы `scheduleb_user_profile`
--

INSERT INTO `scheduleb_user_profile` (`user_id`, `firstname`, `middlename`, `lastname`, `avatar_path`, `avatar_base_url`, `locale`, `gender`, `init_email`, `remind_before_default`) VALUES
(1, 'John', '', 'Doe', NULL, NULL, 'ru-RU', 2, NULL, 30),
(2, '', '', '', '1/klOWYGXpN4SLnYMQbz5pxSOpUAqss8Md.jpg', 'http://storage.scheduleb/source', 'ru-RU', 2, NULL, 30),
(3, '', '', '', '1/h6NCygSSozEg2q_uxYcnOVnM0Yc5SQpS.jpg', 'http://storage.scheduleb/source', 'ru-RU', NULL, NULL, 30),
(6, NULL, NULL, NULL, 'img/dafault_user.png', 'http://scheduleb/', 'ru-RU', NULL, NULL, 30),
(4, NULL, NULL, NULL, NULL, NULL, 'ru-RU', NULL, NULL, 30),
(5, NULL, NULL, NULL, NULL, NULL, 'ru-RU', NULL, NULL, 30);

-- --------------------------------------------------------

--
-- Структура таблицы `scheduleb_user_token`
--

CREATE TABLE `scheduleb_user_token` (
  `id` int(11) NOT NULL,
  `user_id` int(11) NOT NULL,
  `type` varchar(255) NOT NULL,
  `token` varchar(40) NOT NULL,
  `params` json DEFAULT NULL,
  `expire_at` int(11) DEFAULT NULL,
  `created_at` int(11) DEFAULT NULL,
  `updated_at` int(11) DEFAULT NULL
) ENGINE=MyISAM DEFAULT CHARSET=utf8;

--
-- СВЯЗИ ТАБЛИЦЫ `scheduleb_user_token`:
--

-- --------------------------------------------------------

--
-- Структура таблицы `scheduleb_widget_carousel`
--

CREATE TABLE `scheduleb_widget_carousel` (
  `id` int(11) NOT NULL,
  `key` varchar(255) NOT NULL,
  `status` smallint(6) DEFAULT '0'
) ENGINE=MyISAM DEFAULT CHARSET=utf8;

--
-- СВЯЗИ ТАБЛИЦЫ `scheduleb_widget_carousel`:
--

--
-- Дамп данных таблицы `scheduleb_widget_carousel`
--

INSERT INTO `scheduleb_widget_carousel` (`id`, `key`, `status`) VALUES
(1, 'index', 1);

-- --------------------------------------------------------

--
-- Структура таблицы `scheduleb_widget_carousel_item`
--

CREATE TABLE `scheduleb_widget_carousel_item` (
  `id` int(11) NOT NULL,
  `carousel_id` int(11) NOT NULL,
  `base_url` varchar(1024) DEFAULT NULL,
  `path` varchar(1024) DEFAULT NULL,
  `asset_url` varchar(1024) DEFAULT NULL,
  `type` varchar(255) DEFAULT NULL,
  `url` varchar(1024) DEFAULT NULL,
  `caption` varchar(1024) DEFAULT NULL,
  `status` smallint(6) NOT NULL DEFAULT '0',
  `order` int(11) DEFAULT '0',
  `created_at` int(11) DEFAULT NULL,
  `updated_at` int(11) DEFAULT NULL
) ENGINE=MyISAM DEFAULT CHARSET=utf8;

--
-- СВЯЗИ ТАБЛИЦЫ `scheduleb_widget_carousel_item`:
--

--
-- Дамп данных таблицы `scheduleb_widget_carousel_item`
--

INSERT INTO `scheduleb_widget_carousel_item` (`id`, `carousel_id`, `base_url`, `path`, `asset_url`, `type`, `url`, `caption`, `status`, `order`, `created_at`, `updated_at`) VALUES
(1, 1, 'http://storage.scheduleb/source', '1/vYvin_uSDTyBU-kpiPeFWMDxcrZh-MT_.png', '/assets/19941a56/yii2-starter-kit.gif', 'image/png', '/', '<p class=\"review-name\">Анна Иванова</p>\r\n<p class=\"rev-content\">Lorem ipsum dolor sit amet, consectetur adipisicing elit. Atque delectus eius fugiat, iusto minima odio pariatur quae sapiente ullam voluptate. A aperiam aspernatur culpa cupiditate delectus deserunt ea enim.</p>', 1, 0, NULL, 1536392505),
(2, 1, 'http://storage.scheduleb/source', '1/yMz7PN-nbDAIxGqwefxAeTRT4RX3JkGH.png', '/assets/b3af33b0/yMz7PN-nbDAIxGqwefxAeTRT4RX3JkGH.png', 'image/png', '', '<p class=\"review-name\">Анна Иванова 2</p>\r\n<p class=\"rev-content\">2 Lorem ipsum dolor sit amet, consectetur adipisicing elit. Atque delectus eius fugiat, iusto minima odio pariatur quae sapiente ullam voluptate. A aperiam aspernatur culpa cupiditate delectus deserunt ea enim.</p>', 1, NULL, 1536392558, 1536392558),
(3, 1, 'http://storage.scheduleb/source', '1/sblzoSU58lHgogVo_2uUa-iYAIgFFLBx.png', '/assets/e55f8b76/sblzoSU58lHgogVo_2uUa-iYAIgFFLBx.png', 'image/png', '', '<p class=\"review-name\">Анна Иванова 3</p>\r\n<p class=\"rev-content\">3 Lorem ipsum dolor sit amet, consectetur adipisicing elit. Atque delectus eius fugiat, iusto minima odio pariatur quae sapiente ullam voluptate. A aperiam aspernatur culpa cupiditate delectus deserunt ea enim.</p>', 1, 5, 1536392589, 1536392589);

-- --------------------------------------------------------

--
-- Структура таблицы `scheduleb_widget_menu`
--

CREATE TABLE `scheduleb_widget_menu` (
  `id` int(11) NOT NULL,
  `key` varchar(32) NOT NULL,
  `title` varchar(255) NOT NULL,
  `items` text NOT NULL,
  `status` smallint(6) NOT NULL DEFAULT '0'
) ENGINE=MyISAM DEFAULT CHARSET=utf8;

--
-- СВЯЗИ ТАБЛИЦЫ `scheduleb_widget_menu`:
--

--
-- Дамп данных таблицы `scheduleb_widget_menu`
--

INSERT INTO `scheduleb_widget_menu` (`id`, `key`, `title`, `items`, `status`) VALUES
(1, 'frontend-index', 'Frontend index menu', '[\n    {\n        \"label\": \"Get started with Yii2\",\n        \"url\": \"http://www.yiiframework.com\",\n        \"options\": {\n            \"tag\": \"span\"\n        },\n        \"template\": \"<a href=\\\"{url}\\\" class=\\\"btn btn-lg btn-success\\\">{label}</a>\"\n    },\n    {\n        \"label\": \"Yii2 Starter Kit on GitHub\",\n        \"url\": \"https://github.com/trntv/yii2-starter-kit\",\n        \"options\": {\n            \"tag\": \"span\"\n        },\n        \"template\": \"<a href=\\\"{url}\\\" class=\\\"btn btn-lg btn-primary\\\">{label}</a>\"\n    },\n    {\n        \"label\": \"Find a bug?\",\n        \"url\": \"https://github.com/trntv/yii2-starter-kit/issues\",\n        \"options\": {\n            \"tag\": \"span\"\n        },\n        \"template\": \"<a href=\\\"{url}\\\" class=\\\"btn btn-lg btn-danger\\\">{label}</a>\"\n    }\n]', 1);

-- --------------------------------------------------------

--
-- Структура таблицы `scheduleb_widget_text`
--

CREATE TABLE `scheduleb_widget_text` (
  `id` int(11) NOT NULL,
  `key` varchar(255) NOT NULL,
  `title` varchar(255) NOT NULL,
  `body` text NOT NULL,
  `status` smallint(6) DEFAULT NULL,
  `created_at` int(11) DEFAULT NULL,
  `updated_at` int(11) DEFAULT NULL
) ENGINE=MyISAM DEFAULT CHARSET=utf8;

--
-- СВЯЗИ ТАБЛИЦЫ `scheduleb_widget_text`:
--

--
-- Дамп данных таблицы `scheduleb_widget_text`
--

INSERT INTO `scheduleb_widget_text` (`id`, `key`, `title`, `body`, `status`, `created_at`, `updated_at`) VALUES
(1, 'backend_welcome', 'Welcome to backend', '<p>Welcome to Yii2 Starter Kit Dashboard</p>', 1, 1529175937, 1529175937),
(7, 'section-prices', 'Главная страница. Сколько стоят наши услуги', '<div class=\"card\">\r\n    <div class=\"card-img\">\r\n        <img class=\"card-img-top\" src=\"/img/standart.png\" >\r\n    </div>\r\n    <div class=\"card-body\">\r\n        <p class=\"card-title\">Стандарт</p>\r\n        <p class=\"pr\">15 000 руб</p>\r\n        <p class=\"card-text\">Что входит:</p>\r\n        <ul>\r\n            <li>- Lorem Ipsum is simply;</li>\r\n            <li>- Lorem Ipsum is simply;</li>\r\n            <li>- Lorem Ipsum is simply;</li>\r\n            <li class=\"last\">- Lorem Ipsum is simply;</li>\r\n        </ul>\r\n        <button class=\"btn btn-form btn_submit\" id=\"priceButton\"  type=\"submit\">Получить доступ</button>\r\n    </div>\r\n</div>\r\n<div class=\"card\" id=\"shadow-right\">\r\n    <div class=\"card-img\">\r\n        <img class=\"card-img-top\" src=\"/img/comfort.png\" >\r\n    </div>\r\n    <div class=\"card-body\">\r\n        <p class=\"card-title\">Комфорт</p>\r\n        <p class=\"pr\">15 000 руб</p>\r\n        <p class=\"card-text\">Что входит:</p>\r\n        <ul>\r\n            <li>- Lorem Ipsum is simply;</li>\r\n            <li>- Lorem Ipsum is simply;</li>\r\n            <li>- Lorem Ipsum is simply;</li>\r\n            <li class=\"last\">- Lorem Ipsum is simply;</li>\r\n        </ul>\r\n        <button class=\"btn btn-form btn_submit\" id=\"priceButton\"  type=\"submit\">Получить доступ</button>\r\n    </div>\r\n</div>\r\n<div class=\"card\"  id=\"shadow-right\">\r\n    <div class=\"card-img\">\r\n        <img class=\"card-img-top\" src=\"/img/opt.png\" >\r\n    </div>\r\n    <div class=\"card-body\">\r\n        <p class=\"card-title\">Оптимальный</p>\r\n        <p class=\"pr\">15 000 руб</p>\r\n        <p class=\"card-text\">Что входит:</p>\r\n        <ul>\r\n            <li>- Lorem Ipsum is simply;</li>\r\n            <li>- Lorem Ipsum is simply;</li>\r\n            <li>- Lorem Ipsum is simply;</li>\r\n            <li class=\"last\">- Lorem Ipsum is simply;</li>\r\n        </ul>\r\n        <button class=\"btn btn-form btn_submit\" id=\"priceButton\"  type=\"submit\">Получить доступ</button>\r\n    </div>\r\n</div>\r\n<div class=\"card\"  id=\"shadow-right\">\r\n    <div class=\"card-img\">\r\n        <img class=\"card-img-top\" src=\"/img/max.png\" >\r\n    </div>\r\n    <div class=\"card-body\">\r\n        <p class=\"card-title\">Максимальный</p>\r\n        <p class=\"pr\">15 000 руб</p>\r\n        <p class=\"card-text\">Что входит:</p>\r\n        <ul>\r\n            <li>- Lorem Ipsum is simply;</li>\r\n            <li>- Lorem Ipsum is simply;</li>\r\n            <li>- Lorem Ipsum is simply;</li>\r\n            <li class=\"last\">- Lorem Ipsum is simply;</li>\r\n        </ul>\r\n        <button class=\"btn btn-form btn_submit\" id=\"priceButton\"  type=\"submit\">Получить доступ</button>\r\n    </div>\r\n</div>', 1, 1536175171, 1536175171),
(3, 'solutions-accounter', 'Решение для Каждого - Бухгалтеру', '<p class=\"tab-title\">1 Что вы делаете?<p>\r\n<div class=\"col-md-4\">\r\n    <div class=\"services-item\">\r\n        <img src=\"/img/icon-star.png\" alt=\"\">\r\n        <p>Lorem Ipsum is simply dummy\r\n            text of the printing </p>\r\n    </div>\r\n</div>\r\n<div class=\"col-md-4\">\r\n    <div class=\"services-item\">\r\n        <img src=\"/img/icon-star.png\" alt=\"\">\r\n        <p>Lorem Ipsum is simply dummy\r\n            text of the printing </p>\r\n    </div>\r\n</div>\r\n<div class=\"col-md-4\">\r\n    <div class=\"services-item\">\r\n        <img src=\"/img/icon-star.png\" alt=\"\">\r\n        <p>Lorem Ipsum is simply dummy\r\n            text of the printing </p>\r\n    </div>\r\n</div>\r\n<p class=\"tab-title\">1 Что делает наш онлайн-сервис?<p>\r\n<div class=\"col-md-4\">\r\n    <div class=\"services-item\">\r\n        <img src=\"/img/icon-star.png\" alt=\"\">\r\n        <p>Lorem Ipsum is simply dummy\r\n            text of the printing </p>\r\n    </div>\r\n</div>\r\n<div class=\"col-md-4\">\r\n    <div class=\"services-item\">\r\n        <img src=\"/img/icon-star.png\" alt=\"\">\r\n        <p>Lorem Ipsum is simply dummy\r\n            text of the printing </p>\r\n    </div>\r\n</div>\r\n<div class=\"col-md-4\">\r\n    <div class=\"services-item\">\r\n        <img src=\"/img/icon-star.png\" alt=\"\">\r\n        <p>Lorem Ipsum is simply dummy\r\n            text of the printing </p>\r\n    </div>\r\n</div>', 1, 1536174486, 1536174486),
(4, 'solutions-bussinesman', 'Решение для Каждого - Предпринимателю', '<p class=\"tab-title\">2 Что вы делаете?<p>\r\n<div class=\"col-md-4\">\r\n    <div class=\"services-item\">\r\n        <img src=\"/img/icon-star.png\" alt=\"\">\r\n        <p>Lorem Ipsum is simply dummy\r\n            text of the printing </p>\r\n    </div>\r\n</div>\r\n<div class=\"col-md-4\">\r\n    <div class=\"services-item\">\r\n        <img src=\"/img/icon-star.png\" alt=\"\">\r\n        <p>Lorem Ipsum is simply dummy\r\n            text of the printing </p>\r\n    </div>\r\n</div>\r\n<div class=\"col-md-4\">\r\n    <div class=\"services-item\">\r\n        <img src=\"/img/icon-star.png\" alt=\"\">\r\n        <p>Lorem Ipsum is simply dummy\r\n            text of the printing </p>\r\n    </div>\r\n</div>\r\n<p class=\"tab-title\">2 Что делает наш онлайн-сервис?<p>\r\n<div class=\"col-md-4\">\r\n    <div class=\"services-item\">\r\n        <img src=\"/img/icon-star.png\" alt=\"\">\r\n        <p>Lorem Ipsum is simply dummy\r\n            text of the printing </p>\r\n    </div>\r\n</div>\r\n<div class=\"col-md-4\">\r\n    <div class=\"services-item\">\r\n        <img src=\"/img/icon-star.png\" alt=\"\">\r\n        <p>Lorem Ipsum is simply dummy\r\n            text of the printing </p>\r\n    </div>\r\n</div>\r\n<div class=\"col-md-4\">\r\n    <div class=\"services-item\">\r\n        <img src=\"/img/icon-star.png\" alt=\"\">\r\n        <p>Lorem Ipsum is simply dummy\r\n            text of the printing </p>\r\n    </div>\r\n</div>', 1, 1536174584, 1536174584),
(5, 'solutions-company', 'Решение для Каждого - Бухгалтерской фирме', '<p class=\"tab-title\">3 Что вы делаете?<p>\r\n<div class=\"col-md-4\">\r\n    <div class=\"services-item\">\r\n        <img src=\"/img/icon-star.png\" alt=\"\">\r\n        <p>Lorem Ipsum is simply dummy\r\n            text of the printing </p>\r\n    </div>\r\n</div>\r\n<div class=\"col-md-4\">\r\n    <div class=\"services-item\">\r\n        <img src=\"/img/icon-star.png\" alt=\"\">\r\n        <p>Lorem Ipsum is simply dummy\r\n            text of the printing </p>\r\n    </div>\r\n</div>\r\n<div class=\"col-md-4\">\r\n    <div class=\"services-item\">\r\n        <img src=\"/img/icon-star.png\" alt=\"\">\r\n        <p>Lorem Ipsum is simply dummy\r\n            text of the printing </p>\r\n    </div>\r\n</div>\r\n<p class=\"tab-title\">3 Что делает наш онлайн-сервис?<p>\r\n<div class=\"col-md-4\">\r\n    <div class=\"services-item\">\r\n        <img src=\"/img/icon-star.png\" alt=\"\">\r\n        <p>Lorem Ipsum is simply dummy\r\n            text of the printing </p>\r\n    </div>\r\n</div>\r\n<div class=\"col-md-4\">\r\n    <div class=\"services-item\">\r\n        <img src=\"/img/icon-star.png\" alt=\"\">\r\n        <p>Lorem Ipsum is simply dummy\r\n            text of the printing </p>\r\n    </div>\r\n</div>\r\n<div class=\"col-md-4\">\r\n    <div class=\"services-item\">\r\n        <img src=\"/img/icon-star.png\" alt=\"\">\r\n        <p>Lorem Ipsum is simply dummy\r\n            text of the printing </p>\r\n    </div>\r\n</div>', 1, 1536174673, 1536174673),
(6, 'section-special', 'Главная страница. Почему это удобно?', '<h2 class=\"section-head1\">Почему это удобно</h2>\r\n<div class=\"col-md-7\">\r\n    <div class=\"special-item\">\r\n        <img src=\"/img/panel.png\" alt=\"\">\r\n    </div>\r\n</div>\r\n<div class=\"col-md-5 m-auto\">\r\n    <div class=\"special-black-plashk\">\r\n        <p class=\"service-title\">Удобный сервис делает бухгалтерский учет простым и понятным</p>\r\n        <div class=\"col-md-12\">\r\n            <div class=\"services-item\">\r\n                <img src=\"/img/icon-white.png\" alt=\"\">\r\n                <p>Lorem Ipsum is simply dummy\r\n                    text of the printing </p>\r\n            </div>\r\n        </div>\r\n        <div class=\"col-md-12\">\r\n            <div class=\"services-item\">\r\n                <img src=\"/img/icon-white.png\" alt=\"\">\r\n                <p>Lorem Ipsum is simply dummy\r\n                    text of the printing </p>\r\n            </div>\r\n        </div>\r\n        <div class=\"col-md-12\">\r\n            <div class=\"services-item\">\r\n                <img src=\"/img/icon-white.png\" alt=\"\">\r\n                <p>Lorem Ipsum is simply dummy\r\n                    text of the printing </p>\r\n            </div>\r\n        </div>\r\n        <button class=\"btn btn-form1 btn_submit \"   type=\"submit\">Попробовать бесплатно</button>\r\n    </div>\r\n</div>', 1, 1536174938, 1536174995);

--
-- Индексы сохранённых таблиц
--

--
-- Индексы таблицы `scheduleb_article`
--
ALTER TABLE `scheduleb_article`
  ADD PRIMARY KEY (`id`),
  ADD KEY `fk_article_author` (`created_by`),
  ADD KEY `fk_article_updater` (`updated_by`),
  ADD KEY `fk_article_category` (`category_id`);

--
-- Индексы таблицы `scheduleb_article_attachment`
--
ALTER TABLE `scheduleb_article_attachment`
  ADD PRIMARY KEY (`id`),
  ADD KEY `fk_article_attachment_article` (`article_id`);

--
-- Индексы таблицы `scheduleb_article_category`
--
ALTER TABLE `scheduleb_article_category`
  ADD PRIMARY KEY (`id`),
  ADD KEY `fk_article_category_section` (`parent_id`);

--
-- Индексы таблицы `scheduleb_calendar`
--
ALTER TABLE `scheduleb_calendar`
  ADD UNIQUE KEY `id` (`id`),
  ADD KEY `fk_cal_user` (`user_id`),
  ADD KEY `fk_cal_event` (`event_id`),
  ADD KEY `fk_cal_reminder` (`reminder_id`),
  ADD KEY `fk_cal_org` (`org_id`);

--
-- Индексы таблицы `scheduleb_event`
--
ALTER TABLE `scheduleb_event`
  ADD PRIMARY KEY (`id`),
  ADD KEY `fk_event_created` (`created_by`),
  ADD KEY `fk_event_updated` (`updated_by`),
  ADD KEY `end_date` (`end_date`);

--
-- Индексы таблицы `scheduleb_event_exception`
--
ALTER TABLE `scheduleb_event_exception`
  ADD PRIMARY KEY (`id`),
  ADD KEY `fk_ee_created_by` (`created_by`),
  ADD KEY `fk_ee_updated_by` (`updated_by`),
  ADD KEY `fk_ee_event` (`event_id`);

--
-- Индексы таблицы `scheduleb_event_exception_org`
--
ALTER TABLE `scheduleb_event_exception_org`
  ADD PRIMARY KEY (`id`),
  ADD KEY `fk_eeo_created_by` (`created_by`),
  ADD KEY `fk_eeo_event` (`event_id`),
  ADD KEY `fk_eeo_org` (`org_id`),
  ADD KEY `fk_eeo_updated_by` (`updated_by`);

--
-- Индексы таблицы `scheduleb_file_storage_item`
--
ALTER TABLE `scheduleb_file_storage_item`
  ADD PRIMARY KEY (`id`);

--
-- Индексы таблицы `scheduleb_group`
--
ALTER TABLE `scheduleb_group`
  ADD PRIMARY KEY (`id`),
  ADD KEY `fk_group_owner` (`owner_id`);

--
-- Индексы таблицы `scheduleb_i18n_message`
--
ALTER TABLE `scheduleb_i18n_message`
  ADD PRIMARY KEY (`id`,`language`);

--
-- Индексы таблицы `scheduleb_i18n_source_message`
--
ALTER TABLE `scheduleb_i18n_source_message`
  ADD PRIMARY KEY (`id`);

--
-- Индексы таблицы `scheduleb_key_storage_item`
--
ALTER TABLE `scheduleb_key_storage_item`
  ADD PRIMARY KEY (`key`),
  ADD UNIQUE KEY `idx_key_storage_item_key` (`key`);

--
-- Индексы таблицы `scheduleb_notification_log`
--
ALTER TABLE `scheduleb_notification_log`
  ADD UNIQUE KEY `id` (`id`),
  ADD KEY `fk_cal_user` (`user_id`),
  ADD KEY `fk_cal_event` (`event_id`),
  ADD KEY `fk_cal_reminder` (`reminder_id`),
  ADD KEY `fk_cal_org` (`org_id`),
  ADD KEY `reminder_id` (`reminder_id`,`event_date`,`remind_date`,`type`,`event_id`,`user_id`,`org_id`) USING BTREE,
  ADD KEY `status` (`status`);

--
-- Индексы таблицы `scheduleb_org`
--
ALTER TABLE `scheduleb_org`
  ADD PRIMARY KEY (`id`),
  ADD KEY `fk_org_owner` (`owner_id`),
  ADD KEY `fk_org_group` (`group_id`),
  ADD KEY `fk_org_created_by` (`created_by`),
  ADD KEY `fk_org_updated_by` (`updated_by`);

--
-- Индексы таблицы `scheduleb_page`
--
ALTER TABLE `scheduleb_page`
  ADD PRIMARY KEY (`id`);

--
-- Индексы таблицы `scheduleb_rbac_auth_assignment`
--
ALTER TABLE `scheduleb_rbac_auth_assignment`
  ADD PRIMARY KEY (`item_name`,`user_id`);

--
-- Индексы таблицы `scheduleb_rbac_auth_item`
--
ALTER TABLE `scheduleb_rbac_auth_item`
  ADD PRIMARY KEY (`name`),
  ADD KEY `rule_name` (`rule_name`),
  ADD KEY `idx-auth_item-type` (`type`);

--
-- Индексы таблицы `scheduleb_rbac_auth_item_child`
--
ALTER TABLE `scheduleb_rbac_auth_item_child`
  ADD PRIMARY KEY (`parent`,`child`),
  ADD KEY `child` (`child`);

--
-- Индексы таблицы `scheduleb_rbac_auth_rule`
--
ALTER TABLE `scheduleb_rbac_auth_rule`
  ADD PRIMARY KEY (`name`);

--
-- Индексы таблицы `scheduleb_rel_event_org`
--
ALTER TABLE `scheduleb_rel_event_org`
  ADD PRIMARY KEY (`id`),
  ADD KEY `fk_rel_eo_org` (`org_id`),
  ADD KEY `fk_rel_eo_user_create` (`created_by`),
  ADD KEY `fk_rel_eo_user_update` (`updated_by`),
  ADD KEY `fk_rel_eo_event` (`event_id`);

--
-- Индексы таблицы `scheduleb_rel_user_group`
--
ALTER TABLE `scheduleb_rel_user_group`
  ADD KEY `fk_rel_uo_org` (`group_id`),
  ADD KEY `fk_rel_uo_user` (`user_id`),
  ADD KEY `fk_rel_uo_user_create` (`created_by`),
  ADD KEY `fk_rel_uo_user_update` (`updated_by`);

--
-- Индексы таблицы `scheduleb_rel_user_org`
--
ALTER TABLE `scheduleb_rel_user_org`
  ADD KEY `fk_rel_uo_org` (`org_id`),
  ADD KEY `fk_rel_uo_user` (`user_id`),
  ADD KEY `fk_rel_uo_user_create` (`created_by`),
  ADD KEY `fk_rel_uo_user_update` (`updated_by`);

--
-- Индексы таблицы `scheduleb_system_db_migration`
--
ALTER TABLE `scheduleb_system_db_migration`
  ADD PRIMARY KEY (`version`);

--
-- Индексы таблицы `scheduleb_system_log`
--
ALTER TABLE `scheduleb_system_log`
  ADD PRIMARY KEY (`id`),
  ADD KEY `idx_log_level` (`level`),
  ADD KEY `idx_log_category` (`category`);

--
-- Индексы таблицы `scheduleb_system_rbac_migration`
--
ALTER TABLE `scheduleb_system_rbac_migration`
  ADD PRIMARY KEY (`version`);

--
-- Индексы таблицы `scheduleb_timeline_event`
--
ALTER TABLE `scheduleb_timeline_event`
  ADD PRIMARY KEY (`id`),
  ADD KEY `idx_created_at` (`created_at`);

--
-- Индексы таблицы `scheduleb_user`
--
ALTER TABLE `scheduleb_user`
  ADD PRIMARY KEY (`id`);

--
-- Индексы таблицы `scheduleb_user_profile`
--
ALTER TABLE `scheduleb_user_profile`
  ADD PRIMARY KEY (`user_id`);

--
-- Индексы таблицы `scheduleb_user_token`
--
ALTER TABLE `scheduleb_user_token`
  ADD PRIMARY KEY (`id`);

--
-- Индексы таблицы `scheduleb_widget_carousel`
--
ALTER TABLE `scheduleb_widget_carousel`
  ADD PRIMARY KEY (`id`);

--
-- Индексы таблицы `scheduleb_widget_carousel_item`
--
ALTER TABLE `scheduleb_widget_carousel_item`
  ADD PRIMARY KEY (`id`),
  ADD KEY `fk_item_carousel` (`carousel_id`);

--
-- Индексы таблицы `scheduleb_widget_menu`
--
ALTER TABLE `scheduleb_widget_menu`
  ADD PRIMARY KEY (`id`);

--
-- Индексы таблицы `scheduleb_widget_text`
--
ALTER TABLE `scheduleb_widget_text`
  ADD PRIMARY KEY (`id`),
  ADD KEY `idx_widget_text_key` (`key`);

--
-- AUTO_INCREMENT для сохранённых таблиц
--

--
-- AUTO_INCREMENT для таблицы `scheduleb_article`
--
ALTER TABLE `scheduleb_article`
  MODIFY `id` int(11) NOT NULL AUTO_INCREMENT;
--
-- AUTO_INCREMENT для таблицы `scheduleb_article_attachment`
--
ALTER TABLE `scheduleb_article_attachment`
  MODIFY `id` int(11) NOT NULL AUTO_INCREMENT;
--
-- AUTO_INCREMENT для таблицы `scheduleb_article_category`
--
ALTER TABLE `scheduleb_article_category`
  MODIFY `id` int(11) NOT NULL AUTO_INCREMENT, AUTO_INCREMENT=2;
--
-- AUTO_INCREMENT для таблицы `scheduleb_calendar`
--
ALTER TABLE `scheduleb_calendar`
  MODIFY `id` int(11) NOT NULL AUTO_INCREMENT, AUTO_INCREMENT=13544;
--
-- AUTO_INCREMENT для таблицы `scheduleb_event`
--
ALTER TABLE `scheduleb_event`
  MODIFY `id` int(11) UNSIGNED NOT NULL AUTO_INCREMENT, AUTO_INCREMENT=34;
--
-- AUTO_INCREMENT для таблицы `scheduleb_event_exception`
--
ALTER TABLE `scheduleb_event_exception`
  MODIFY `id` int(11) UNSIGNED NOT NULL AUTO_INCREMENT, AUTO_INCREMENT=34;
--
-- AUTO_INCREMENT для таблицы `scheduleb_file_storage_item`
--
ALTER TABLE `scheduleb_file_storage_item`
  MODIFY `id` int(11) NOT NULL AUTO_INCREMENT, AUTO_INCREMENT=10;
--
-- AUTO_INCREMENT для таблицы `scheduleb_i18n_source_message`
--
ALTER TABLE `scheduleb_i18n_source_message`
  MODIFY `id` int(11) NOT NULL AUTO_INCREMENT;
--
-- AUTO_INCREMENT для таблицы `scheduleb_notification_log`
--
ALTER TABLE `scheduleb_notification_log`
  MODIFY `id` int(10) UNSIGNED NOT NULL AUTO_INCREMENT, AUTO_INCREMENT=6;
--
-- AUTO_INCREMENT для таблицы `scheduleb_org`
--
ALTER TABLE `scheduleb_org`
  MODIFY `id` int(11) UNSIGNED NOT NULL AUTO_INCREMENT, AUTO_INCREMENT=10;
--
-- AUTO_INCREMENT для таблицы `scheduleb_page`
--
ALTER TABLE `scheduleb_page`
  MODIFY `id` int(11) NOT NULL AUTO_INCREMENT, AUTO_INCREMENT=4;
--
-- AUTO_INCREMENT для таблицы `scheduleb_rel_event_org`
--
ALTER TABLE `scheduleb_rel_event_org`
  MODIFY `id` int(11) UNSIGNED NOT NULL AUTO_INCREMENT, AUTO_INCREMENT=44;
--
-- AUTO_INCREMENT для таблицы `scheduleb_system_log`
--
ALTER TABLE `scheduleb_system_log`
  MODIFY `id` bigint(20) NOT NULL AUTO_INCREMENT;
--
-- AUTO_INCREMENT для таблицы `scheduleb_timeline_event`
--
ALTER TABLE `scheduleb_timeline_event`
  MODIFY `id` int(11) NOT NULL AUTO_INCREMENT;
--
-- AUTO_INCREMENT для таблицы `scheduleb_user`
--
ALTER TABLE `scheduleb_user`
  MODIFY `id` int(11) UNSIGNED NOT NULL AUTO_INCREMENT, AUTO_INCREMENT=7;
--
-- AUTO_INCREMENT для таблицы `scheduleb_user_profile`
--
ALTER TABLE `scheduleb_user_profile`
  MODIFY `user_id` int(11) NOT NULL AUTO_INCREMENT, AUTO_INCREMENT=10;
--
-- AUTO_INCREMENT для таблицы `scheduleb_user_token`
--
ALTER TABLE `scheduleb_user_token`
  MODIFY `id` int(11) NOT NULL AUTO_INCREMENT, AUTO_INCREMENT=7;
--
-- AUTO_INCREMENT для таблицы `scheduleb_widget_carousel`
--
ALTER TABLE `scheduleb_widget_carousel`
  MODIFY `id` int(11) NOT NULL AUTO_INCREMENT, AUTO_INCREMENT=2;
--
-- AUTO_INCREMENT для таблицы `scheduleb_widget_carousel_item`
--
ALTER TABLE `scheduleb_widget_carousel_item`
  MODIFY `id` int(11) NOT NULL AUTO_INCREMENT, AUTO_INCREMENT=4;
--
-- AUTO_INCREMENT для таблицы `scheduleb_widget_menu`
--
ALTER TABLE `scheduleb_widget_menu`
  MODIFY `id` int(11) NOT NULL AUTO_INCREMENT, AUTO_INCREMENT=2;
--
-- AUTO_INCREMENT для таблицы `scheduleb_widget_text`
--
ALTER TABLE `scheduleb_widget_text`
  MODIFY `id` int(11) NOT NULL AUTO_INCREMENT, AUTO_INCREMENT=8;
--
-- Ограничения внешнего ключа сохраненных таблиц
--

--
-- Ограничения внешнего ключа таблицы `scheduleb_calendar`
--
ALTER TABLE `scheduleb_calendar`
  ADD CONSTRAINT `fk_cal_event` FOREIGN KEY (`event_id`) REFERENCES `scheduleb_event` (`id`) ON DELETE CASCADE ON UPDATE CASCADE,
  ADD CONSTRAINT `fk_cal_org` FOREIGN KEY (`org_id`) REFERENCES `scheduleb_org` (`id`) ON DELETE CASCADE ON UPDATE CASCADE,
  ADD CONSTRAINT `fk_cal_reminder` FOREIGN KEY (`reminder_id`) REFERENCES `scheduleb_rel_event_org` (`id`) ON DELETE CASCADE ON UPDATE CASCADE,
  ADD CONSTRAINT `fk_cal_user` FOREIGN KEY (`user_id`) REFERENCES `scheduleb_user` (`id`) ON DELETE CASCADE ON UPDATE CASCADE;

--
-- Ограничения внешнего ключа таблицы `scheduleb_event`
--
ALTER TABLE `scheduleb_event`
  ADD CONSTRAINT `fk_event_created` FOREIGN KEY (`created_by`) REFERENCES `scheduleb_user` (`id`) ON DELETE NO ACTION ON UPDATE NO ACTION,
  ADD CONSTRAINT `fk_event_updated` FOREIGN KEY (`updated_by`) REFERENCES `scheduleb_user` (`id`) ON DELETE NO ACTION ON UPDATE NO ACTION;

--
-- Ограничения внешнего ключа таблицы `scheduleb_event_exception`
--
ALTER TABLE `scheduleb_event_exception`
  ADD CONSTRAINT `fk_ee_created_by` FOREIGN KEY (`created_by`) REFERENCES `scheduleb_user` (`id`) ON DELETE NO ACTION ON UPDATE NO ACTION,
  ADD CONSTRAINT `fk_ee_event` FOREIGN KEY (`event_id`) REFERENCES `scheduleb_event` (`id`) ON DELETE CASCADE ON UPDATE CASCADE,
  ADD CONSTRAINT `fk_ee_updated_by` FOREIGN KEY (`updated_by`) REFERENCES `scheduleb_user` (`id`) ON DELETE NO ACTION ON UPDATE NO ACTION;

--
-- Ограничения внешнего ключа таблицы `scheduleb_event_exception_org`
--
ALTER TABLE `scheduleb_event_exception_org`
  ADD CONSTRAINT `fk_eeo_created_by` FOREIGN KEY (`created_by`) REFERENCES `scheduleb_user` (`id`) ON DELETE NO ACTION ON UPDATE NO ACTION,
  ADD CONSTRAINT `fk_eeo_event` FOREIGN KEY (`event_id`) REFERENCES `scheduleb_event` (`id`) ON DELETE CASCADE ON UPDATE CASCADE,
  ADD CONSTRAINT `fk_eeo_org` FOREIGN KEY (`org_id`) REFERENCES `scheduleb_org` (`id`) ON DELETE CASCADE ON UPDATE CASCADE,
  ADD CONSTRAINT `fk_eeo_updated_by` FOREIGN KEY (`updated_by`) REFERENCES `scheduleb_user` (`id`) ON DELETE NO ACTION ON UPDATE NO ACTION;

--
-- Ограничения внешнего ключа таблицы `scheduleb_group`
--
ALTER TABLE `scheduleb_group`
  ADD CONSTRAINT `fk_group_owner` FOREIGN KEY (`owner_id`) REFERENCES `scheduleb_user` (`id`);

--
-- Ограничения внешнего ключа таблицы `scheduleb_notification_log`
--
ALTER TABLE `scheduleb_notification_log`
  ADD CONSTRAINT `fk_notificationlog_event` FOREIGN KEY (`event_id`) REFERENCES `scheduleb_event` (`id`) ON DELETE NO ACTION ON UPDATE NO ACTION,
  ADD CONSTRAINT `fk_notificationlog_org` FOREIGN KEY (`org_id`) REFERENCES `scheduleb_org` (`id`) ON DELETE NO ACTION ON UPDATE NO ACTION,
  ADD CONSTRAINT `fk_notificationlog_reminder` FOREIGN KEY (`reminder_id`) REFERENCES `scheduleb_rel_event_org` (`id`),
  ADD CONSTRAINT `fk_notificationlog_user` FOREIGN KEY (`user_id`) REFERENCES `scheduleb_user` (`id`);

--
-- Ограничения внешнего ключа таблицы `scheduleb_org`
--
ALTER TABLE `scheduleb_org`
  ADD CONSTRAINT `fk_org_created` FOREIGN KEY (`created_by`) REFERENCES `scheduleb_user` (`id`) ON DELETE NO ACTION ON UPDATE NO ACTION,
  ADD CONSTRAINT `fk_org_created_by` FOREIGN KEY (`created_by`) REFERENCES `scheduleb_user` (`id`) ON DELETE NO ACTION ON UPDATE NO ACTION,
  ADD CONSTRAINT `fk_org_group` FOREIGN KEY (`group_id`) REFERENCES `scheduleb_group` (`id`),
  ADD CONSTRAINT `fk_org_owner` FOREIGN KEY (`owner_id`) REFERENCES `scheduleb_user` (`id`) ON DELETE CASCADE ON UPDATE CASCADE,
  ADD CONSTRAINT `fk_org_updated` FOREIGN KEY (`updated_by`) REFERENCES `scheduleb_user` (`id`) ON DELETE NO ACTION ON UPDATE NO ACTION,
  ADD CONSTRAINT `fk_org_updated_by` FOREIGN KEY (`updated_by`) REFERENCES `scheduleb_user` (`id`) ON DELETE NO ACTION ON UPDATE NO ACTION;

--
-- Ограничения внешнего ключа таблицы `scheduleb_rbac_auth_assignment`
--
ALTER TABLE `scheduleb_rbac_auth_assignment`
  ADD CONSTRAINT `scheduleb_rbac_auth_assignment_ibfk_1` FOREIGN KEY (`item_name`) REFERENCES `scheduleb_rbac_auth_item` (`name`) ON DELETE CASCADE ON UPDATE CASCADE;

--
-- Ограничения внешнего ключа таблицы `scheduleb_rbac_auth_item`
--
ALTER TABLE `scheduleb_rbac_auth_item`
  ADD CONSTRAINT `scheduleb_rbac_auth_item_ibfk_1` FOREIGN KEY (`rule_name`) REFERENCES `scheduleb_rbac_auth_rule` (`name`) ON DELETE SET NULL ON UPDATE CASCADE;

--
-- Ограничения внешнего ключа таблицы `scheduleb_rbac_auth_item_child`
--
ALTER TABLE `scheduleb_rbac_auth_item_child`
  ADD CONSTRAINT `scheduleb_rbac_auth_item_child_ibfk_1` FOREIGN KEY (`parent`) REFERENCES `scheduleb_rbac_auth_item` (`name`) ON DELETE CASCADE ON UPDATE CASCADE,
  ADD CONSTRAINT `scheduleb_rbac_auth_item_child_ibfk_2` FOREIGN KEY (`child`) REFERENCES `scheduleb_rbac_auth_item` (`name`) ON DELETE CASCADE ON UPDATE CASCADE;

--
-- Ограничения внешнего ключа таблицы `scheduleb_rel_event_org`
--
ALTER TABLE `scheduleb_rel_event_org`
  ADD CONSTRAINT `fk_rel_eo_event` FOREIGN KEY (`event_id`) REFERENCES `scheduleb_event` (`id`) ON DELETE CASCADE ON UPDATE CASCADE,
  ADD CONSTRAINT `fk_rel_eo_org` FOREIGN KEY (`org_id`) REFERENCES `scheduleb_org` (`id`) ON DELETE CASCADE ON UPDATE CASCADE,
  ADD CONSTRAINT `fk_rel_eo_user_create` FOREIGN KEY (`created_by`) REFERENCES `scheduleb_user` (`id`) ON DELETE CASCADE ON UPDATE CASCADE,
  ADD CONSTRAINT `fk_rel_eo_user_update` FOREIGN KEY (`updated_by`) REFERENCES `scheduleb_user` (`id`) ON DELETE CASCADE ON UPDATE CASCADE;

--
-- Ограничения внешнего ключа таблицы `scheduleb_rel_user_group`
--
ALTER TABLE `scheduleb_rel_user_group`
  ADD CONSTRAINT `fk_rel_ug_group` FOREIGN KEY (`group_id`) REFERENCES `scheduleb_group` (`id`) ON DELETE CASCADE ON UPDATE CASCADE,
  ADD CONSTRAINT `fk_rel_ug_user` FOREIGN KEY (`user_id`) REFERENCES `scheduleb_user` (`id`) ON DELETE CASCADE ON UPDATE CASCADE;

--
-- Ограничения внешнего ключа таблицы `scheduleb_rel_user_org`
--
ALTER TABLE `scheduleb_rel_user_org`
  ADD CONSTRAINT `fk_rel_uo_org` FOREIGN KEY (`org_id`) REFERENCES `scheduleb_org` (`id`) ON DELETE CASCADE ON UPDATE CASCADE,
  ADD CONSTRAINT `fk_rel_uo_user` FOREIGN KEY (`user_id`) REFERENCES `scheduleb_user` (`id`) ON DELETE CASCADE ON UPDATE CASCADE,
  ADD CONSTRAINT `fk_rel_uo_user_create` FOREIGN KEY (`created_by`) REFERENCES `scheduleb_user` (`id`) ON DELETE CASCADE ON UPDATE CASCADE,
  ADD CONSTRAINT `fk_rel_uo_user_update` FOREIGN KEY (`updated_by`) REFERENCES `scheduleb_user` (`id`) ON DELETE CASCADE ON UPDATE CASCADE;
SET FOREIGN_KEY_CHECKS=1;

/*!40101 SET CHARACTER_SET_CLIENT=@OLD_CHARACTER_SET_CLIENT */;
/*!40101 SET CHARACTER_SET_RESULTS=@OLD_CHARACTER_SET_RESULTS */;
/*!40101 SET COLLATION_CONNECTION=@OLD_COLLATION_CONNECTION */;
